"","pID","age","mass","height","hand","velo_max","velo_min","throw","velo","max_elb_var","max_shldr_ir"
"1","p00",28,185.8,73,"L",74.4,28.9,1,28.9,7.562991,13.218165
"2","p00",28,185.8,73,"L",74.4,28.9,2,31.9,7.891617,14.670935
"3","p00",28,185.8,73,"L",74.4,28.9,3,34,8.812571,15.20048
"4","p00",28,185.8,73,"L",74.4,28.9,4,33.9,9.288633,14.651192
"5","p00",28,185.8,73,"L",74.4,28.9,5,35.1,9.767148,15.560482
"6","p00",28,185.8,73,"L",74.4,28.9,6,39.7,11.304595,17.143977
"7","p00",28,185.8,73,"L",74.4,28.9,7,40.1,12.355696,17.894767
"8","p00",28,185.8,73,"L",74.4,28.9,8,39.9,11.25387,17.476708
"9","p00",28,185.8,73,"L",74.4,28.9,9,43.5,14.56961,20.726227
"10","p00",28,185.8,73,"L",74.4,28.9,10,46.9,18.121152,24.296802
"11","p00",28,185.8,73,"L",74.4,28.9,11,48.2,17.791339,24.45823
"12","p00",28,185.8,73,"L",74.4,28.9,12,49.1,18.869636,25.850496
"13","p00",28,185.8,73,"L",74.4,28.9,13,50.5,20.449226,28.865888
"14","p00",28,185.8,73,"L",74.4,28.9,14,51.2,21.116079,28.656763
"15","p00",28,185.8,73,"L",74.4,28.9,15,51.8,21.668585,29.243118
"16","p00",28,185.8,73,"L",74.4,28.9,16,55.1,24.67446,32.531336
"17","p00",28,185.8,73,"L",74.4,28.9,17,56.3,24.857425,33.246018
"18","p00",28,185.8,73,"L",74.4,28.9,18,57.1,25.62826,35.184582
"19","p00",28,185.8,73,"L",74.4,28.9,19,59.8,27.812304,38.542631
"20","p00",28,185.8,73,"L",74.4,28.9,20,61.6,29.83782,39.731758
"21","p00",28,185.8,73,"L",74.4,28.9,21,62.5,29.926256,39.804649
"22","p00",28,185.8,73,"L",74.4,28.9,22,63.2,30.485899,41.353948
"23","p00",28,185.8,73,"L",74.4,28.9,23,63,30.478462,41.242344
"24","p00",28,185.8,73,"L",74.4,28.9,24,67.7,35.538441,46.211923
"25","p00",28,185.8,73,"L",74.4,28.9,25,68.2,36.225269,57.786359
"26","p00",28,185.8,73,"L",74.4,28.9,26,69.4,36.344193,47.454945
"27","p00",28,185.8,73,"L",74.4,28.9,27,69.7,37.963174,49.224907
"28","p00",28,185.8,73,"L",74.4,28.9,28,71.5,40.165629,50.670202
"29","p00",28,185.8,73,"L",74.4,28.9,29,72.3,43.310683,50.38282
"30","p00",28,185.8,73,"L",74.4,28.9,30,72.9,40.813782,49.778234
"31","p00",28,185.8,73,"L",74.4,28.9,31,73.3,40.567977,52.104982
"32","p00",28,185.8,73,"L",74.4,28.9,32,73.8,42.259887,52.631685
"33","p00",28,185.8,73,"L",74.4,28.9,33,72.4,40.111462,51.843441
"34","p00",28,185.8,73,"L",74.4,28.9,34,74.1,41.699658,53.551368
"35","p00",28,185.8,73,"L",74.4,28.9,35,73.9,41.806847,52.837
"36","p00",28,185.8,73,"L",74.4,28.9,36,74.4,42.389795,52.415544
"37","p00",28,185.8,73,"L",74.4,28.9,37,73.4,42.83313,52.980148
"38","p02",25,205.4,74,"R",76.8,36.3,1,36.8,12.273731,19.166476
"39","p02",25,205.4,74,"R",76.8,36.3,2,37.5,13.791483,20.507835
"40","p02",25,205.4,74,"R",76.8,36.3,3,36.3,12.66364,19.852532
"41","p02",25,205.4,74,"R",76.8,36.3,4,37.4,14.342631,21.220742
"42","p02",25,205.4,74,"R",76.8,36.3,5,37.7,13.706132,21.441351
"43","p02",25,205.4,74,"R",76.8,36.3,6,38.3,15.167945,21.349043
"44","p02",25,205.4,74,"R",76.8,36.3,7,41.5,16.840693,24.46734
"45","p02",25,205.4,74,"R",76.8,36.3,8,38.6,14.660348,21.886565
"46","p02",25,205.4,74,"R",76.8,36.3,9,44.4,17.072979,26.848575
"47","p02",25,205.4,74,"R",76.8,36.3,10,45.7,18.935587,27.824461
"48","p02",25,205.4,74,"R",76.8,36.3,11,45.3,19.003502,29.16996
"49","p02",25,205.4,74,"R",76.8,36.3,12,46.7,19.054741,28.721719
"50","p02",25,205.4,74,"R",76.8,36.3,13,46.7,19.00867,28.444764
"51","p02",25,205.4,74,"R",76.8,36.3,14,46.3,18.302612,28.538545
"52","p02",25,205.4,74,"R",76.8,36.3,15,46.9,19.653781,29.471356
"53","p02",25,205.4,74,"R",76.8,36.3,16,49.3,21.030931,30.565732
"54","p02",25,205.4,74,"R",76.8,36.3,17,49.9,21.950635,32.383221
"55","p02",25,205.4,74,"R",76.8,36.3,18,54.7,25.497275,36.895613
"56","p02",25,205.4,74,"R",76.8,36.3,19,58.6,26.932072,39.821494
"57","p02",25,205.4,74,"R",76.8,36.3,20,56.5,25.692281,38.584255
"58","p02",25,205.4,74,"R",76.8,36.3,21,59.5,29.429333,42.869371
"59","p02",25,205.4,74,"R",76.8,36.3,22,59.6,29.470801,43.206419
"60","p02",25,205.4,74,"R",76.8,36.3,23,62.8,31.997203,45.114366
"61","p02",25,205.4,74,"R",76.8,36.3,24,65.1,34.020863,47.743653
"62","p02",25,205.4,74,"R",76.8,36.3,25,66.6,37.217359,49.98286
"63","p02",25,205.4,74,"R",76.8,36.3,26,66.9,36.295494,49.812554
"64","p02",25,205.4,74,"R",76.8,36.3,27,67.3,37.85508,50.384948
"65","p02",25,205.4,74,"R",76.8,36.3,28,69.8,40.444577,54.124008
"66","p02",25,205.4,74,"R",76.8,36.3,29,71.8,43.855078,58.065023
"67","p02",25,205.4,74,"R",76.8,36.3,30,70.6,42.53166,58.054238
"68","p02",25,205.4,74,"R",76.8,36.3,31,72.6,44.044932,57.432323
"69","p02",25,205.4,74,"R",76.8,36.3,32,74.1,47.199831,57.764712
"70","p02",25,205.4,74,"R",76.8,36.3,33,74.6,45.984073,60.598093
"71","p02",25,205.4,74,"R",76.8,36.3,34,74.6,47.432385,60.061642
"72","p02",25,205.4,74,"R",76.8,36.3,35,74,48.282704,61.661612
"73","p02",25,205.4,74,"R",76.8,36.3,36,74.9,46.884132,59.161108
"74","p02",25,205.4,74,"R",76.8,36.3,37,74.2,47.933775,57.377942
"75","p02",25,205.4,74,"R",76.8,36.3,38,74.2,46.23532,60.593394
"76","p02",25,205.4,74,"R",76.8,36.3,39,75.8,50.323607,62.955006
"77","p02",25,205.4,74,"R",76.8,36.3,40,76.8,48.60071,62.363572
"78","p03",27,219.8,73,"R",74.6,33.6,1,34.1,17.467546,23.410737
"79","p03",27,219.8,73,"R",74.6,33.6,2,33.6,18.163846,22.99331
"80","p03",27,219.8,73,"R",74.6,33.6,3,35.2,18.57494,22.856376
"81","p03",27,219.8,73,"R",74.6,33.6,4,36.4,20.300394,23.275871
"82","p03",27,219.8,73,"R",74.6,33.6,5,35.3,18.862058,23.777792
"83","p03",27,219.8,73,"R",74.6,33.6,6,37,17.955805,25.140624
"84","p03",27,219.8,73,"R",74.6,33.6,7,38.8,20.876133,27.717197
"85","p03",27,219.8,73,"R",74.6,33.6,8,39.8,21.736281,30.111587
"86","p03",27,219.8,73,"R",74.6,33.6,9,43.8,23.041471,29.604544
"87","p03",27,219.8,73,"R",74.6,33.6,10,43.5,24.709791,31.005535
"88","p03",27,219.8,73,"R",74.6,33.6,11,44.4,24.083072,31.885264
"89","p03",27,219.8,73,"R",74.6,33.6,12,43.4,24.449075,29.695363
"90","p03",27,219.8,73,"R",74.6,33.6,13,44.5,23.109455,31.735004
"91","p03",27,219.8,73,"R",74.6,33.6,14,47.1,27.73776,37.052872
"92","p03",27,219.8,73,"R",74.6,33.6,15,48.8,26.094979,36.514559
"93","p03",27,219.8,73,"R",74.6,33.6,16,48.6,28.606893,37.193825
"94","p03",27,219.8,73,"R",74.6,33.6,17,49.9,28.133526,39.268067
"95","p03",27,219.8,73,"R",74.6,33.6,18,49.6,27.84485,39.620827
"96","p03",27,219.8,73,"R",74.6,33.6,19,51.2,29.257117,37.966612
"97","p03",27,219.8,73,"R",74.6,33.6,20,51,29.93455,39.165216
"98","p03",27,219.8,73,"R",74.6,33.6,21,53.4,31.470142,43.480839
"99","p03",27,219.8,73,"R",74.6,33.6,22,54.2,32.308631,44.192771
"100","p03",27,219.8,73,"R",74.6,33.6,23,48.1,26.719764,36.185595
"101","p03",27,219.8,73,"R",74.6,33.6,24,52.4,29.377468,39.467971
"102","p03",27,219.8,73,"R",74.6,33.6,25,52.3,31.85385,42.075799
"103","p03",27,219.8,73,"R",74.6,33.6,26,56.1,31.707431,46.727694
"104","p03",27,219.8,73,"R",74.6,33.6,27,58.1,37.058863,49.575652
"105","p03",27,219.8,73,"R",74.6,33.6,28,58.8,35.431604,49.411732
"106","p03",27,219.8,73,"R",74.6,33.6,29,58.9,36.488101,51.885055
"107","p03",27,219.8,73,"R",74.6,33.6,30,59,36.581128,49.605821
"108","p03",27,219.8,73,"R",74.6,33.6,31,62.3,38.636985,53.86238
"109","p03",27,219.8,73,"R",74.6,33.6,32,61.5,37.278089,51.749644
"110","p03",27,219.8,73,"R",74.6,33.6,33,62.3,40.804827,59.32734
"111","p03",27,219.8,73,"R",74.6,33.6,34,65.9,45.298254,61.847432
"112","p03",27,219.8,73,"R",74.6,33.6,35,67.1,45.357684,63.204497
"113","p03",27,219.8,73,"R",74.6,33.6,36,69.5,48.890991,67.305949
"114","p03",27,219.8,73,"R",74.6,33.6,37,67.5,45.996965,64.924336
"115","p03",27,219.8,73,"R",74.6,33.6,38,67.4,44.127932,62.023235
"116","p03",27,219.8,73,"R",74.6,33.6,39,66.3,43.398655,60.431778
"117","p03",27,219.8,73,"R",74.6,33.6,40,73.1,53.902777,71.80614
"118","p03",27,219.8,73,"R",74.6,33.6,41,74,55.197979,73.76286
"119","p03",27,219.8,73,"R",74.6,33.6,42,74.6,54.343739,70.772729
"120","p04",26,188.8,74,"L",83.6,46.7,1,46.7,14.073848,16.115672
"121","p04",26,188.8,74,"L",83.6,46.7,2,47.7,15.041032,16.823752
"122","p04",26,188.8,74,"L",83.6,46.7,3,49.9,16.921942,19.269124
"123","p04",26,188.8,74,"L",83.6,46.7,4,52,18.449157,20.805925
"124","p04",26,188.8,74,"L",83.6,46.7,5,50.8,17.300063,19.2918
"125","p04",26,188.8,74,"L",83.6,46.7,6,52.3,19.75498,21.160158
"126","p04",26,188.8,74,"L",83.6,46.7,7,54.9,21.757021,24.829449
"127","p04",26,188.8,74,"L",83.6,46.7,8,55.4,21.519953,25.292242
"128","p04",26,188.8,74,"L",83.6,46.7,9,58.2,25.110402,29.380408
"129","p04",26,188.8,74,"L",83.6,46.7,10,60.4,26.596343,30.584157
"130","p04",26,188.8,74,"L",83.6,46.7,11,61.3,26.600868,29.768222
"131","p04",26,188.8,74,"L",83.6,46.7,12,62.6,28.578769,32.974539
"132","p04",26,188.8,74,"L",83.6,46.7,13,63.7,29.954916,34.708805
"133","p04",26,188.8,74,"L",83.6,46.7,14,63.9,28.50164,32.668548
"134","p04",26,188.8,74,"L",83.6,46.7,15,66.9,31.548548,37.104835
"135","p04",26,188.8,74,"L",83.6,46.7,16,68.1,33.195123,40.395988
"136","p04",26,188.8,74,"L",83.6,46.7,17,72.2,37.608608,42.540554
"137","p04",26,188.8,74,"L",83.6,46.7,18,72.5,37.702961,44.673203
"138","p04",26,188.8,74,"L",83.6,46.7,19,73.9,40.576184,46.665119
"139","p04",26,188.8,74,"L",83.6,46.7,20,71.3,35.052815,41.197845
"140","p04",26,188.8,74,"L",83.6,46.7,21,73.5,38.528027,45.839579
"141","p04",26,188.8,74,"L",83.6,46.7,22,76.1,42.659331,48.399862
"142","p04",26,188.8,74,"L",83.6,46.7,23,79.6,45.716401,52.850024
"143","p04",26,188.8,74,"L",83.6,46.7,24,79.9,48.160444,54.311963
"144","p04",26,188.8,74,"L",83.6,46.7,25,82.2,48.243175,56.43625
"145","p04",26,188.8,74,"L",83.6,46.7,26,83.3,51.974141,59.515024
"146","p04",26,188.8,74,"L",83.6,46.7,27,83,51.574814,58.716007
"147","p04",26,188.8,74,"L",83.6,46.7,28,81.3,51.083687,57.138787
"148","p04",26,188.8,74,"L",83.6,46.7,29,83.6,52.335327,60.978877
"149","p05",24,197,72,"L",73.6,32.6,1,32.6,13.369046,18.046417
"150","p05",24,197,72,"L",73.6,32.6,2,33.1,12.24502,17.16439
"151","p05",24,197,72,"L",73.6,32.6,3,33.3,13.442318,19.062196
"152","p05",24,197,72,"L",73.6,32.6,4,33.7,13.390762,18.850286
"153","p05",24,197,72,"L",73.6,32.6,5,34.9,14.446999,19.471154
"154","p05",24,197,72,"L",73.6,32.6,6,39.3,17.889404,23.574149
"155","p05",24,197,72,"L",73.6,32.6,7,37.9,17.606181,23.21056
"156","p05",24,197,72,"L",73.6,32.6,8,42.5,20.837122,27.500705
"157","p05",24,197,72,"L",73.6,32.6,9,44.3,22.044213,28.426021
"158","p05",24,197,72,"L",73.6,32.6,10,42.4,20.5244,26.432182
"159","p05",24,197,72,"L",73.6,32.6,11,47.9,24.558264,30.458094
"160","p05",24,197,72,"L",73.6,32.6,12,48.5,25.004849,32.588168
"161","p05",24,197,72,"L",73.6,32.6,13,55.4,32.777478,42.302357
"162","p05",24,197,72,"L",73.6,32.6,14,55.1,31.814979,39.19305
"163","p05",24,197,72,"L",73.6,32.6,15,55.5,32.573675,41.951817
"164","p05",24,197,72,"L",73.6,32.6,16,56.5,33.963462,43.059957
"165","p05",24,197,72,"L",73.6,32.6,17,58.1,35.783976,44.284972
"166","p05",24,197,72,"L",73.6,32.6,18,58.1,34.76399,42.930742
"167","p05",24,197,72,"L",73.6,32.6,19,57.4,36.204778,45.716866
"168","p05",24,197,72,"L",73.6,32.6,20,61.1,37.206637,46.440236
"169","p05",24,197,72,"L",73.6,32.6,21,61.4,40.129705,47.666528
"170","p05",24,197,72,"L",73.6,32.6,22,63.2,42.932159,50.980961
"171","p05",24,197,72,"L",73.6,32.6,23,NA,45.824477,52.960186
"172","p05",24,197,72,"L",73.6,32.6,24,64.3,47.073334,52.583646
"173","p05",24,197,72,"L",73.6,32.6,25,67,48.839953,53.81251
"174","p05",24,197,72,"L",73.6,32.6,26,67.8,51.304939,57.116022
"175","p05",24,197,72,"L",73.6,32.6,27,66.1,49.216256,54.504141
"176","p05",24,197,72,"L",73.6,32.6,28,65.4,47.780036,53.152414
"177","p05",24,197,72,"L",73.6,32.6,29,66.4,48.624225,54.513698
"178","p05",24,197,72,"L",73.6,32.6,30,68.2,52.684854,57.819439
"179","p05",24,197,72,"L",73.6,32.6,31,68.5,52.12501,57.280795
"180","p05",24,197,72,"L",73.6,32.6,32,68.3,53.915778,59.421291
"181","p05",24,197,72,"L",73.6,32.6,33,69.8,54.929029,58.344398
"182","p05",24,197,72,"L",73.6,32.6,34,68,52.541196,57.734363
"183","p05",24,197,72,"L",73.6,32.6,35,68.6,53.270871,56.245587
"184","p05",24,197,72,"L",73.6,32.6,36,69.7,55.338324,58.889275
"185","p05",24,197,72,"L",73.6,32.6,37,71.3,58.233763,60.028318
"186","p05",24,197,72,"L",73.6,32.6,38,71.8,58.790379,62.292005
"187","p05",24,197,72,"L",73.6,32.6,39,73.1,60.905845,61.905865
"188","p05",24,197,72,"L",73.6,32.6,40,72.4,60.231331,61.112306
"189","p05",24,197,72,"L",73.6,32.6,41,72.8,59.298055,60.910186
"190","p05",24,197,72,"L",73.6,32.6,42,73.6,62.780408,62.785688
"191","p06",24,210.2,74,"R",72.4,38.8,1,38.8,15.664029,22.214877
"192","p06",24,210.2,74,"R",72.4,38.8,2,38.9,16.802527,21.794453
"193","p06",24,210.2,74,"R",72.4,38.8,3,41.6,18.27405,23.412866
"194","p06",24,210.2,74,"R",72.4,38.8,4,41.9,22.183751,24.736071
"195","p06",24,210.2,74,"R",72.4,38.8,5,42.9,18.382012,26.223095
"196","p06",24,210.2,74,"R",72.4,38.8,6,44.6,20.553742,29.108267
"197","p06",24,210.2,74,"R",72.4,38.8,7,45.1,24.750646,28.77965
"198","p06",24,210.2,74,"R",72.4,38.8,8,45.5,20.023268,27.795129
"199","p06",24,210.2,74,"R",72.4,38.8,9,46.6,21.176133,30.380926
"200","p06",24,210.2,74,"R",72.4,38.8,10,47.5,21.875883,29.943999
"201","p06",24,210.2,74,"R",72.4,38.8,11,49.9,25.176685,33.855322
"202","p06",24,210.2,74,"R",72.4,38.8,12,50,24.753649,34.304216
"203","p06",24,210.2,74,"R",72.4,38.8,13,51.6,26.242278,38.871792
"204","p06",24,210.2,74,"R",72.4,38.8,14,54.5,28.477583,44.684582
"205","p06",24,210.2,74,"R",72.4,38.8,15,52.9,30.519665,39.872215
"206","p06",24,210.2,74,"R",72.4,38.8,16,53.6,29.123737,42.283856
"207","p06",24,210.2,74,"R",72.4,38.8,17,53.8,28.821292,42.008561
"208","p06",24,210.2,74,"R",72.4,38.8,18,55.6,30.99507,44.11852
"209","p06",24,210.2,74,"R",72.4,38.8,19,57.3,32.375073,47.436877
"210","p06",24,210.2,74,"R",72.4,38.8,20,58.2,32.634657,46.793211
"211","p06",24,210.2,74,"R",72.4,38.8,21,59.1,33.444978,49.658074
"212","p06",24,210.2,74,"R",72.4,38.8,22,58.6,32.955668,46.833438
"213","p06",24,210.2,74,"R",72.4,38.8,23,61.9,38.052351,54.644617
"214","p06",24,210.2,74,"R",72.4,38.8,24,63.8,39.339184,55.157446
"215","p06",24,210.2,74,"R",72.4,38.8,25,62.8,38.360515,57.932435
"216","p06",24,210.2,74,"R",72.4,38.8,26,63.6,40.091272,58.544372
"217","p06",24,210.2,74,"R",72.4,38.8,27,64.8,41.023142,58.870187
"218","p06",24,210.2,74,"R",72.4,38.8,28,67.8,47.049519,66.248776
"219","p06",24,210.2,74,"R",72.4,38.8,29,68.9,48.3092,68.342232
"220","p06",24,210.2,74,"R",72.4,38.8,30,69,48.742867,68.321715
"221","p06",24,210.2,74,"R",72.4,38.8,31,70.1,48.614805,68.431835
"222","p06",24,210.2,74,"R",72.4,38.8,32,68.4,48.555173,67.104682
"223","p06",24,210.2,74,"R",72.4,38.8,33,71.1,50.644895,70.416759
"224","p06",24,210.2,74,"R",72.4,38.8,34,72.4,52.643798,74.421421
"225","p06",24,210.2,74,"R",72.4,38.8,35,70.4,53.346581,74.086557
"226","p06",24,210.2,74,"R",72.4,38.8,36,72.1,53.636634,73.454453
"227","p07",22,214.6,75,"R",71.5,29,1,29,15.819407,13.368245
"228","p07",22,214.6,75,"R",71.5,29,2,35.4,11.765566,15.896252
"229","p07",22,214.6,75,"R",71.5,29,3,36.3,19.053985,18.801188
"230","p07",22,214.6,75,"R",71.5,29,4,35.7,17.80676,17.955933
"231","p07",22,214.6,75,"R",71.5,29,5,37.1,23.330726,20.839981
"232","p07",22,214.6,75,"R",71.5,29,6,42.2,18.644035,22.760342
"233","p07",22,214.6,75,"R",71.5,29,7,43.5,21.426358,24.64898
"234","p07",22,214.6,75,"R",71.5,29,8,43.8,21.406985,24.301931
"235","p07",22,214.6,75,"R",71.5,29,9,46.4,24.799406,28.09215
"236","p07",22,214.6,75,"R",71.5,29,10,46,25.442488,26.542457
"237","p07",22,214.6,75,"R",71.5,29,11,49.3,31.740107,32.064846
"238","p07",22,214.6,75,"R",71.5,29,12,51.1,30.150464,31.697036
"239","p07",22,214.6,75,"R",71.5,29,13,48.4,27.624163,30.065725
"240","p07",22,214.6,75,"R",71.5,29,14,54.5,35.224687,37.000306
"241","p07",22,214.6,75,"R",71.5,29,15,55.1,33.181361,37.231384
"242","p07",22,214.6,75,"R",71.5,29,16,59,40.649708,44.766958
"243","p07",22,214.6,75,"R",71.5,29,17,59.2,41.034526,41.59668
"244","p07",22,214.6,75,"R",71.5,29,18,59.6,41.087061,41.504789
"245","p07",22,214.6,75,"R",71.5,29,19,60.2,41.226313,44.202124
"246","p07",22,214.6,75,"R",71.5,29,20,61.8,43.302585,46.416996
"247","p07",22,214.6,75,"R",71.5,29,21,61.3,43.023785,45.118096
"248","p07",22,214.6,75,"R",71.5,29,22,63,46.977229,49.612358
"249","p07",22,214.6,75,"R",71.5,29,23,63.8,46.905445,48.396225
"250","p07",22,214.6,75,"R",71.5,29,24,63.6,47.560525,49.725837
"251","p07",22,214.6,75,"R",71.5,29,25,64.4,47.489982,47.521069
"252","p07",22,214.6,75,"R",71.5,29,26,62.8,44.785857,49.316333
"253","p07",22,214.6,75,"R",71.5,29,27,66.2,50.500975,53.209186
"254","p07",22,214.6,75,"R",71.5,29,28,62.9,47.113469,48.688053
"255","p07",22,214.6,75,"R",71.5,29,29,63.6,47.341285,45.828502
"256","p07",22,214.6,75,"R",71.5,29,30,64.4,47.223837,51.971028
"257","p07",22,214.6,75,"R",71.5,29,31,64.1,47.140785,51.615069
"258","p07",22,214.6,75,"R",71.5,29,32,63.4,45.273437,48.968272
"259","p07",22,214.6,75,"R",71.5,29,33,66.3,52.723006,54.291655
"260","p07",22,214.6,75,"R",71.5,29,34,65.7,51.552189,54.529877
"261","p07",22,214.6,75,"R",71.5,29,35,65,48.276893,51.925345
"262","p07",22,214.6,75,"R",71.5,29,36,67.8,52.765698,55.024865
"263","p07",22,214.6,75,"R",71.5,29,37,65.1,47.148552,51.207219
"264","p07",22,214.6,75,"R",71.5,29,38,67.1,50.154538,52.354176
"265","p07",22,214.6,75,"R",71.5,29,39,67.8,52.25507,56.320169
"266","p07",22,214.6,75,"R",71.5,29,40,65.4,48.809994,49.76856
"267","p07",22,214.6,75,"R",71.5,29,41,67.9,53.477112,55.369167
"268","p07",22,214.6,75,"R",71.5,29,42,70.4,57.165986,58.556146
"269","p07",22,214.6,75,"R",71.5,29,43,69.2,55.300138,59.731761
"270","p07",22,214.6,75,"R",71.5,29,44,67.9,55.418867,57.111604
"271","p07",22,214.6,75,"R",71.5,29,45,70,54.450544,62.004157
"272","p07",22,214.6,75,"R",71.5,29,46,69.9,54.722856,59.482173
"273","p07",22,214.6,75,"R",71.5,29,47,71.5,53.919472,56.574385
"274","p07",22,214.6,75,"R",71.5,29,48,68.8,53.046463,59.225224
"275","p07",22,214.6,75,"R",71.5,29,49,70.3,56.22895,60.576845
"276","p07",22,214.6,75,"R",71.5,29,50,69.7,54.886274,60.943887
"277","p07",22,214.6,75,"R",71.5,29,51,70.6,55.004897,56.676347
"278","p07",22,214.6,75,"R",71.5,29,52,70.7,55.582323,61.113232
"279","p08",23,208.4,72,"R",77.6,35.2,1,35.2,11.786738,17.507796
"280","p08",23,208.4,72,"R",77.6,35.2,2,39.1,13.759662,20.905437
"281","p08",23,208.4,72,"R",77.6,35.2,3,41.1,14.921385,21.490086
"282","p08",23,208.4,72,"R",77.6,35.2,4,40.4,14.745884,21.060312
"283","p08",23,208.4,72,"R",77.6,35.2,5,39.6,14.427218,19.549263
"284","p08",23,208.4,72,"R",77.6,35.2,6,39.6,15.746005,21.845793
"285","p08",23,208.4,72,"R",77.6,35.2,7,39.1,14.078688,19.531327
"286","p08",23,208.4,72,"R",77.6,35.2,8,46.4,18.624775,25.513012
"287","p08",23,208.4,72,"R",77.6,35.2,9,46.6,18.761246,25.387837
"288","p08",23,208.4,72,"R",77.6,35.2,10,47.4,19.526028,27.69436
"289","p08",23,208.4,72,"R",77.6,35.2,11,48.4,20.198309,29.989066
"290","p08",23,208.4,72,"R",77.6,35.2,12,51.8,24.05089,31.673011
"291","p08",23,208.4,72,"R",77.6,35.2,13,53.1,24.075847,32.034279
"292","p08",23,208.4,72,"R",77.6,35.2,14,57.4,29.113687,36.461724
"293","p08",23,208.4,72,"R",77.6,35.2,15,60,33.088806,40.806246
"294","p08",23,208.4,72,"R",77.6,35.2,16,64.6,38.330586,48.153599
"295","p08",23,208.4,72,"R",77.6,35.2,17,65.3,39.782104,47.953805
"296","p08",23,208.4,72,"R",77.6,35.2,18,64.3,35.356563,45.819048
"297","p08",23,208.4,72,"R",77.6,35.2,19,62.6,34.896339,43.464047
"298","p08",23,208.4,72,"R",77.6,35.2,20,65.1,38.44964,47.773178
"299","p08",23,208.4,72,"R",77.6,35.2,21,66.9,39.43647,48.993987
"300","p08",23,208.4,72,"R",77.6,35.2,22,69.4,47.670951,54.731642
"301","p08",23,208.4,72,"R",77.6,35.2,23,69.9,45.948727,55.140947
"302","p08",23,208.4,72,"R",77.6,35.2,24,73.6,49.277452,57.930675
"303","p08",23,208.4,72,"R",77.6,35.2,25,73.2,46.563619,57.424588
"304","p08",23,208.4,72,"R",77.6,35.2,26,75.1,50.17906,58.967359
"305","p08",23,208.4,72,"R",77.6,35.2,27,75.8,52.579385,62.308067
"306","p08",23,208.4,72,"R",77.6,35.2,28,72.4,48.821676,57.572884
"307","p08",23,208.4,72,"R",77.6,35.2,29,77.2,51.995016,60.067396
"308","p08",23,208.4,72,"R",77.6,35.2,30,77.6,54.612231,64.038677
"309","p08",23,208.4,72,"R",77.6,35.2,31,76.5,52.338237,61.871468
"310","p08",23,208.4,72,"R",77.6,35.2,32,76.4,51.94273,62.475826
"311","p08",23,208.4,72,"R",77.6,35.2,33,76.9,54.202288,62.913951
"312","p09",22,182,68,"R",72.4,38.7,1,38.7,19.096345,23.272316
"313","p09",22,182,68,"R",72.4,38.7,2,41.7,17.686727,21.475767
"314","p09",22,182,68,"R",72.4,38.7,3,42.4,18.236469,23.59848
"315","p09",22,182,68,"R",72.4,38.7,4,43.4,19.168434,23.566505
"316","p09",22,182,68,"R",72.4,38.7,5,44.6,21.921494,27.110531
"317","p09",22,182,68,"R",72.4,38.7,6,47.3,23.484352,27.148843
"318","p09",22,182,68,"R",72.4,38.7,7,49.9,24.629595,28.819212
"319","p09",22,182,68,"R",72.4,38.7,8,51.6,24.846179,30.210449
"320","p09",22,182,68,"R",72.4,38.7,9,52.6,27.928926,33.094605
"321","p09",22,182,68,"R",72.4,38.7,10,51.9,27.543535,31.649429
"322","p09",22,182,68,"R",72.4,38.7,11,51.8,27.015018,33.019493
"323","p09",22,182,68,"R",72.4,38.7,12,52.6,27.917828,33.134474
"324","p09",22,182,68,"R",72.4,38.7,13,63.8,39.56246,46.186208
"325","p09",22,182,68,"R",72.4,38.7,14,59.8,35.879273,39.93016
"326","p09",22,182,68,"R",72.4,38.7,15,64.1,38.50593,43.970273
"327","p09",22,182,68,"R",72.4,38.7,16,61.3,36.081834,40.346706
"328","p09",22,182,68,"R",72.4,38.7,17,60.8,35.585123,42.111101
"329","p09",22,182,68,"R",72.4,38.7,18,61.6,37.282756,42.373049
"330","p09",22,182,68,"R",72.4,38.7,19,63,37.899003,42.364523
"331","p09",22,182,68,"R",72.4,38.7,20,61.1,34.429124,39.312219
"332","p09",22,182,68,"R",72.4,38.7,21,60.8,35.707389,39.403006
"333","p09",22,182,68,"R",72.4,38.7,22,63.6,41.106898,45.488646
"334","p09",22,182,68,"R",72.4,38.7,23,60.5,36.137353,41.439836
"335","p09",22,182,68,"R",72.4,38.7,24,59.5,36.128866,39.95619
"336","p09",22,182,68,"R",72.4,38.7,25,58.8,31.289252,37.308585
"337","p09",22,182,68,"R",72.4,38.7,26,62.5,47.25711,45.062383
"338","p09",22,182,68,"R",72.4,38.7,27,69.6,51.417644,54.902818
"339","p09",22,182,68,"R",72.4,38.7,28,72.4,51.762386,54.99015
"340","p09",22,182,68,"R",72.4,38.7,29,69.3,49.731761,54.40333
"341","p09",22,182,68,"R",72.4,38.7,30,67.5,46.062353,50.136574
"342","p09",22,182,68,"R",72.4,38.7,31,66.5,46.537504,50.356715
"343","p10",19,181.2,73,"R",83.4,41.5,1,63.3,25.9663,27.406112
"344","p10",19,181.2,73,"R",83.4,41.5,2,41.5,15.456237,11.575934
"345","p10",19,181.2,73,"R",83.4,41.5,3,46.1,16.639618,14.759048
"346","p10",19,181.2,73,"R",83.4,41.5,4,50.1,18.436899,16.182123
"347","p10",19,181.2,73,"R",83.4,41.5,5,53.1,18.850523,19.938518
"348","p10",19,181.2,73,"R",83.4,41.5,6,55.7,18.989893,20.505491
"349","p10",19,181.2,73,"R",83.4,41.5,7,58.8,20.923667,22.810575
"350","p10",19,181.2,73,"R",83.4,41.5,8,55.3,19.765351,21.148985
"351","p10",19,181.2,73,"R",83.4,41.5,9,59,22.657858,23.969107
"352","p10",19,181.2,73,"R",83.4,41.5,10,60.5,23.492138,25.018946
"353","p10",19,181.2,73,"R",83.4,41.5,11,61,22.575121,26.762957
"354","p10",19,181.2,73,"R",83.4,41.5,12,61.6,24.15973,26.213373
"355","p10",19,181.2,73,"R",83.4,41.5,13,62.6,26.139397,27.582299
"356","p10",19,181.2,73,"R",83.4,41.5,14,70.1,34.857835,34.129282
"357","p10",19,181.2,73,"R",83.4,41.5,15,74.8,37.537804,34.439464
"358","p10",19,181.2,73,"R",83.4,41.5,16,74.1,37.471631,34.354473
"359","p10",19,181.2,73,"R",83.4,41.5,17,75.4,38.759384,35.999824
"360","p10",19,181.2,73,"R",83.4,41.5,18,75.8,38.516949,37.557559
"361","p10",19,181.2,73,"R",83.4,41.5,19,77,41.472448,38.08129
"362","p10",19,181.2,73,"R",83.4,41.5,20,77.2,41.683321,40.324971
"363","p10",19,181.2,73,"R",83.4,41.5,21,78.9,42.685264,38.471663
"364","p10",19,181.2,73,"R",83.4,41.5,22,79.1,42.564892,39.521195
"365","p10",19,181.2,73,"R",83.4,41.5,23,78.1,42.005875,39.570515
"366","p10",19,181.2,73,"R",83.4,41.5,24,78.9,43.192823,42.590407
"367","p10",19,181.2,73,"R",83.4,41.5,25,80,44.226479,41.412048
"368","p10",19,181.2,73,"R",83.4,41.5,26,79.4,43.585542,41.616226
"369","p10",19,181.2,73,"R",83.4,41.5,27,79.7,44.476335,42.464248
"370","p10",19,181.2,73,"R",83.4,41.5,28,80.9,45.029939,43.501572
"371","p10",19,181.2,73,"R",83.4,41.5,29,80.8,44.109634,45.223366
"372","p10",19,181.2,73,"R",83.4,41.5,30,83.4,44.009651,45.393324
"373","p10",19,181.2,73,"R",83.4,41.5,31,81.3,47.059048,46.99029
"374","p11",19,205.4,75,"R",83.6,54.9,1,54.9,26.862343,33.810009
"375","p11",19,205.4,75,"R",83.6,54.9,2,56.6,25.361707,33.365106
"376","p11",19,205.4,75,"R",83.6,54.9,3,59.7,30.291977,39.007097
"377","p11",19,205.4,75,"R",83.6,54.9,4,59.2,29.003171,38.859833
"378","p11",19,205.4,75,"R",83.6,54.9,5,61.8,30.215087,41.417541
"379","p11",19,205.4,75,"R",83.6,54.9,6,64,33.353085,44.944039
"380","p11",19,205.4,75,"R",83.6,54.9,7,64.2,32.391913,44.971095
"381","p11",19,205.4,75,"R",83.6,54.9,8,64.4,33.793781,46.438551
"382","p11",19,205.4,75,"R",83.6,54.9,9,66.8,35.444813,49.111416
"383","p11",19,205.4,75,"R",83.6,54.9,10,67.1,35.624477,49.893283
"384","p11",19,205.4,75,"R",83.6,54.9,11,69.1,37.517947,52.789918
"385","p11",19,205.4,75,"R",83.6,54.9,12,68.2,34.778595,50.097022
"386","p11",19,205.4,75,"R",83.6,54.9,13,70.6,38.832729,54.093991
"387","p11",19,205.4,75,"R",83.6,54.9,14,70,36.615366,50.030852
"388","p11",19,205.4,75,"R",83.6,54.9,15,73.1,41.533446,57.465796
"389","p11",19,205.4,75,"R",83.6,54.9,16,72.9,39.819958,56.096591
"390","p11",19,205.4,75,"R",83.6,54.9,17,71.7,38.399109,54.270461
"391","p11",19,205.4,75,"R",83.6,54.9,18,72.8,39.922977,54.65002
"392","p11",19,205.4,75,"R",83.6,54.9,19,74.3,42.245409,60.82707
"393","p11",19,205.4,75,"R",83.6,54.9,20,74.3,43.092295,59.718812
"394","p11",19,205.4,75,"R",83.6,54.9,21,74.5,45.274349,59.366663
"395","p11",19,205.4,75,"R",83.6,54.9,22,76.8,43.156997,59.690151
"396","p11",19,205.4,75,"R",83.6,54.9,23,74.3,40.908624,55.989675
"397","p11",19,205.4,75,"R",83.6,54.9,24,77.9,46.888567,67.057102
"398","p11",19,205.4,75,"R",83.6,54.9,25,77.9,47.692454,62.269212
"399","p11",19,205.4,75,"R",83.6,54.9,26,80.1,50.271661,66.896254
"400","p11",19,205.4,75,"R",83.6,54.9,27,80.3,51.621446,68.093766
"401","p11",19,205.4,75,"R",83.6,54.9,28,81.8,52.240116,70.578271
"402","p11",19,205.4,75,"R",83.6,54.9,29,78.6,50.695512,65.387597
"403","p11",19,205.4,75,"R",83.6,54.9,30,81,50.882173,72.645716
"404","p11",19,205.4,75,"R",83.6,54.9,31,83.6,55.332058,74.745291
"405","p11",19,205.4,75,"R",83.6,54.9,32,82.7,52.45585,73.419633
"406","p11",19,205.4,75,"R",83.6,54.9,33,83.4,54.945806,71.60373
"407","p12",18,182.8,69,"L",65.8,35.2,1,35.2,9.085202,16.719611
"408","p12",18,182.8,69,"L",65.8,35.2,2,37.9,10.704886,17.213111
"409","p12",18,182.8,69,"L",65.8,35.2,3,38.1,11.55494,17.052386
"410","p12",18,182.8,69,"L",65.8,35.2,4,44.5,13.935716,22.515972
"411","p12",18,182.8,69,"L",65.8,35.2,5,43.3,13.783673,22.233899
"412","p12",18,182.8,69,"L",65.8,35.2,6,44.3,12.666939,22.905877
"413","p12",18,182.8,69,"L",65.8,35.2,7,46.4,15.856286,26.346175
"414","p12",18,182.8,69,"L",65.8,35.2,8,49.4,17.153823,28.34249
"415","p12",18,182.8,69,"L",65.8,35.2,9,51.5,18.956726,31.136603
"416","p12",18,182.8,69,"L",65.8,35.2,10,50.3,18.386965,30.399635
"417","p12",18,182.8,69,"L",65.8,35.2,11,53.1,19.835975,8.766087
"418","p12",18,182.8,69,"L",65.8,35.2,12,54.3,21.796315,35.540832
"419","p12",18,182.8,69,"L",65.8,35.2,13,54.2,21.469705,36.252357
"420","p12",18,182.8,69,"L",65.8,35.2,14,58.4,26.414472,40.216058
"421","p12",18,182.8,69,"L",65.8,35.2,15,60.7,29.713259,41.883475
"422","p12",18,182.8,69,"L",65.8,35.2,16,62.5,31.339439,43.474587
"423","p12",18,182.8,69,"L",65.8,35.2,17,62.6,33.155217,43.618661
"424","p12",18,182.8,69,"L",65.8,35.2,18,63.3,33.554756,41.972235
"425","p12",18,182.8,69,"L",65.8,35.2,19,64,33.635542,44.608863
"426","p12",18,182.8,69,"L",65.8,35.2,20,63.7,33.599485,44.643289
"427","p12",18,182.8,69,"L",65.8,35.2,21,64.3,35.201133,44.915236
"428","p12",18,182.8,69,"L",65.8,35.2,22,64.6,34.813295,46.430017
"429","p12",18,182.8,69,"L",65.8,35.2,23,64.9,34.637359,48.801119
"430","p12",18,182.8,69,"L",65.8,35.2,24,64.6,34.726609,47.318254
"431","p12",18,182.8,69,"L",65.8,35.2,25,64.4,35.207259,48.633508
"432","p12",18,182.8,69,"L",65.8,35.2,26,65.1,37.074322,47.182748
"433","p12",18,182.8,69,"L",65.8,35.2,27,65.8,34.567408,48.336841
"434","p13",24,136.2,66,"R",69.9,39.1,1,39.1,8.615128,12.409545
"435","p13",24,136.2,66,"R",69.9,39.1,2,39.1,9.346038,12.689343
"436","p13",24,136.2,66,"R",69.9,39.1,3,40.3,9.713307,13.185114
"437","p13",24,136.2,66,"R",69.9,39.1,4,44,10.872029,14.518675
"438","p13",24,136.2,66,"R",69.9,39.1,5,46.9,14.079289,17.002472
"439","p13",24,136.2,66,"R",69.9,39.1,6,47.5,12.363109,16.785369
"440","p13",24,136.2,66,"R",69.9,39.1,7,45.9,12.859321,16.145806
"441","p13",24,136.2,66,"R",69.9,39.1,8,47.6,13.132984,15.725577
"442","p13",24,136.2,66,"R",69.9,39.1,9,46.2,12.548611,15.942125
"443","p13",24,136.2,66,"R",69.9,39.1,10,47.4,13.242292,16.065915
"444","p13",24,136.2,66,"R",69.9,39.1,11,48.3,13.337474,15.910461
"445","p13",24,136.2,66,"R",69.9,39.1,12,51.4,14.734371,18.781646
"446","p13",24,136.2,66,"R",69.9,39.1,13,51.5,15.037958,18.008737
"447","p13",24,136.2,66,"R",69.9,39.1,14,51.3,14.519631,17.336272
"448","p13",24,136.2,66,"R",69.9,39.1,15,52.6,15.255366,20.448403
"449","p13",24,136.2,66,"R",69.9,39.1,16,53.6,16.185983,21.289069
"450","p13",24,136.2,66,"R",69.9,39.1,17,53.6,15.530926,21.03014
"451","p13",24,136.2,66,"R",69.9,39.1,18,53.6,15.827421,21.309406
"452","p13",24,136.2,66,"R",69.9,39.1,19,56.1,17.903354,23.024403
"453","p13",24,136.2,66,"R",69.9,39.1,20,57.1,18.040329,23.689452
"454","p13",24,136.2,66,"R",69.9,39.1,21,54.3,16.988509,22.075766
"455","p13",24,136.2,66,"R",69.9,39.1,22,57.2,18.328089,23.667961
"456","p13",24,136.2,66,"R",69.9,39.1,23,57.5,18.994,24.512143
"457","p13",24,136.2,66,"R",69.9,39.1,24,59.4,19.827067,26.612115
"458","p13",24,136.2,66,"R",69.9,39.1,25,58.1,18.570508,25.90911
"459","p13",24,136.2,66,"R",69.9,39.1,26,60.8,20.910108,27.888036
"460","p13",24,136.2,66,"R",69.9,39.1,27,63.6,24.111126,30.488452
"461","p13",24,136.2,66,"R",69.9,39.1,28,62,21.690205,28.882441
"462","p13",24,136.2,66,"R",69.9,39.1,29,61.6,22.150222,29.207566
"463","p13",24,136.2,66,"R",69.9,39.1,30,62.3,21.417852,28.290322
"464","p13",24,136.2,66,"R",69.9,39.1,31,62.9,22.418573,29.139822
"465","p13",24,136.2,66,"R",69.9,39.1,32,64.1,23.045216,29.369862
"466","p13",24,136.2,66,"R",69.9,39.1,33,64.1,23.689778,29.56672
"467","p13",24,136.2,66,"R",69.9,39.1,34,64.6,24.591018,30.589234
"468","p13",24,136.2,66,"R",69.9,39.1,35,69.9,28.191897,34.735217
"469","p14",23,235.6,78,"R",77.8,39.1,1,39.1,27.051031,20.731964
"470","p14",23,235.6,78,"R",77.8,39.1,2,39.9,17.274265,21.302934
"471","p14",23,235.6,78,"R",77.8,39.1,3,43.3,20.346174,25.222661
"472","p14",23,235.6,78,"R",77.8,39.1,4,43.4,21.487812,25.825444
"473","p14",23,235.6,78,"R",77.8,39.1,5,45,32.386695,26.957636
"474","p14",23,235.6,78,"R",77.8,39.1,6,48.6,35.436862,31.784657
"475","p14",23,235.6,78,"R",77.8,39.1,7,49.1,26.9277,30.697011
"476","p14",23,235.6,78,"R",77.8,39.1,8,51.7,31.849514,35.608069
"477","p14",23,235.6,78,"R",77.8,39.1,9,52.1,31.89523,35.788188
"478","p14",23,235.6,78,"R",77.8,39.1,10,56.1,36.532537,40.190707
"479","p14",23,235.6,78,"R",77.8,39.1,11,56.1,37.713066,40.981483
"480","p14",23,235.6,78,"R",77.8,39.1,12,55.1,35.373318,38.732655
"481","p14",23,235.6,78,"R",77.8,39.1,13,57,39.865511,45.35473
"482","p14",23,235.6,78,"R",77.8,39.1,14,61.4,44.745371,49.79556
"483","p14",23,235.6,78,"R",77.8,39.1,15,65.4,47.125457,47.558133
"484","p14",23,235.6,78,"R",77.8,39.1,16,66.1,50.00288,55.049651
"485","p14",23,235.6,78,"R",77.8,39.1,17,67.5,52.888996,58.02586
"486","p14",23,235.6,78,"R",77.8,39.1,18,68.3,53.723169,60.253916
"487","p14",23,235.6,78,"R",77.8,39.1,19,68,52.370981,58.575834
"488","p14",23,235.6,78,"R",77.8,39.1,20,69.1,54.578722,58.86913
"489","p14",23,235.6,78,"R",77.8,39.1,21,66.9,53.416315,56.570658
"490","p14",23,235.6,78,"R",77.8,39.1,22,65.8,49.368788,48.328739
"491","p14",23,235.6,78,"R",77.8,39.1,23,69.2,55.329246,60.27288
"492","p14",23,235.6,78,"R",77.8,39.1,24,69.8,55.733637,60.770783
"493","p14",23,235.6,78,"R",77.8,39.1,25,69.7,53.34009,59.618626
"494","p14",23,235.6,78,"R",77.8,39.1,26,70.6,57.881591,61.233921
"495","p14",23,235.6,78,"R",77.8,39.1,27,70.3,55.535132,59.250399
"496","p14",23,235.6,78,"R",77.8,39.1,28,71.1,59.081921,62.80929
"497","p14",23,235.6,78,"R",77.8,39.1,29,71.3,57.085705,60.630977
"498","p14",23,235.6,78,"R",77.8,39.1,30,71.5,58.541799,64.305223
"499","p14",23,235.6,78,"R",77.8,39.1,31,72.3,60.809594,62.011088
"500","p14",23,235.6,78,"R",77.8,39.1,32,72.6,58.542804,63.445379
"501","p14",23,235.6,78,"R",77.8,39.1,33,72.4,61.527125,62.865363
"502","p14",23,235.6,78,"R",77.8,39.1,34,73.3,60.603475,62.882882
"503","p14",23,235.6,78,"R",77.8,39.1,35,74.3,63.353723,65.729897
"504","p14",23,235.6,78,"R",77.8,39.1,36,74.4,63.152517,66.064993
"505","p14",23,235.6,78,"R",77.8,39.1,37,74.2,66.043172,69.097116
"506","p14",23,235.6,78,"R",77.8,39.1,38,74.3,64.23348,66.66976
"507","p14",23,235.6,78,"R",77.8,39.1,39,73.9,61.695241,63.09842
"508","p14",23,235.6,78,"R",77.8,39.1,40,75.1,68.024964,69.511668
"509","p14",23,235.6,78,"R",77.8,39.1,41,74.4,63.973783,66.937406
"510","p14",23,235.6,78,"R",77.8,39.1,42,75.1,64.957313,68.415154
"511","p14",23,235.6,78,"R",77.8,39.1,43,71.6,58.341709,59.756503
"512","p14",23,235.6,78,"R",77.8,39.1,44,74.8,64.521867,66.647334
"513","p14",23,235.6,78,"R",77.8,39.1,45,77.8,70.478144,73.659066
"514","p15",24,187.4,75,"R",85.6,29.4,1,29.4,7.70521,10.010369
"515","p15",24,187.4,75,"R",85.6,29.4,2,32.8,10.028786,11.010856
"516","p15",24,187.4,75,"R",85.6,29.4,3,32.6,9.366811,10.907366
"517","p15",24,187.4,75,"R",85.6,29.4,4,40.1,11.892929,15.100373
"518","p15",24,187.4,75,"R",85.6,29.4,5,44.4,13.789949,19.170816
"519","p15",24,187.4,75,"R",85.6,29.4,6,45.3,14.730188,21.078683
"520","p15",24,187.4,75,"R",85.6,29.4,7,48.9,18.345792,24.07901
"521","p15",24,187.4,75,"R",85.6,29.4,8,49.8,19.353989,26.314444
"522","p15",24,187.4,75,"R",85.6,29.4,9,54.1,22.404664,29.855393
"523","p15",24,187.4,75,"R",85.6,29.4,10,56.5,26.547728,32.832241
"524","p15",24,187.4,75,"R",85.6,29.4,11,57.3,28.165948,35.227212
"525","p15",24,187.4,75,"R",85.6,29.4,12,63.4,32.083529,39.14703
"526","p15",24,187.4,75,"R",85.6,29.4,13,65.9,36.642841,41.006002
"527","p15",24,187.4,75,"R",85.6,29.4,14,70.1,39.39096,45.527311
"528","p15",24,187.4,75,"R",85.6,29.4,15,72.9,43.257964,47.261542
"529","p15",24,187.4,75,"R",85.6,29.4,16,76.6,46.264211,50.371454
"530","p15",24,187.4,75,"R",85.6,29.4,17,76.9,46.960901,50.989097
"531","p15",24,187.4,75,"R",85.6,29.4,18,73.4,44.159786,47.90051
"532","p15",24,187.4,75,"R",85.6,29.4,19,77.4,46.471123,48.380795
"533","p15",24,187.4,75,"R",85.6,29.4,20,74.8,44.792447,47.359088
"534","p15",24,187.4,75,"R",85.6,29.4,21,77.6,46.043773,47.586019
"535","p15",24,187.4,75,"R",85.6,29.4,22,80.6,65.951175,51.171191
"536","p15",24,187.4,75,"R",85.6,29.4,23,81.1,52.947854,53.13309
"537","p15",24,187.4,75,"R",85.6,29.4,24,81.6,53.575062,52.833391
"538","p15",24,187.4,75,"R",85.6,29.4,25,81.8,52.781077,55.83397
"539","p15",24,187.4,75,"R",85.6,29.4,26,83.1,52.95009,52.880844
"540","p15",24,187.4,75,"R",85.6,29.4,27,85.6,57.283798,58.106059
"541","p16",17,179,70,"R",75.9,34.3,1,34.3,11.575397,12.98776
"542","p16",17,179,70,"R",75.9,34.3,2,34.7,12.177407,13.668264
"543","p16",17,179,70,"R",75.9,34.3,3,39.6,13.424135,15.713811
"544","p16",17,179,70,"R",75.9,34.3,4,39.9,14.252793,16.761655
"545","p16",17,179,70,"R",75.9,34.3,5,41.9,15.102023,17.833949
"546","p16",17,179,70,"R",75.9,34.3,6,44.9,16.782358,20.268058
"547","p16",17,179,70,"R",75.9,34.3,7,47.9,17.971713,21.838571
"548","p16",17,179,70,"R",75.9,34.3,8,50.8,19.776543,24.344362
"549","p16",17,179,70,"R",75.9,34.3,9,54.1,20.81177,26.407202
"550","p16",17,179,70,"R",75.9,34.3,10,54.4,22.160088,28.433255
"551","p16",17,179,70,"R",75.9,34.3,11,55.6,22.362218,28.924008
"552","p16",17,179,70,"R",75.9,34.3,12,58.3,25.273488,32.516315
"553","p16",17,179,70,"R",75.9,34.3,13,58.1,25.397686,32.817998
"554","p16",17,179,70,"R",75.9,34.3,14,62.1,27.821821,35.85986
"555","p16",17,179,70,"R",75.9,34.3,15,62.6,27.022262,35.846991
"556","p16",17,179,70,"R",75.9,34.3,16,63.8,29.123669,36.945739
"557","p16",17,179,70,"R",75.9,34.3,17,66,31.530109,40.180527
"558","p16",17,179,70,"R",75.9,34.3,18,67.6,32.993882,42.54209
"559","p16",17,179,70,"R",75.9,34.3,19,68.5,32.942311,42.236538
"560","p16",17,179,70,"R",75.9,34.3,20,68.7,33.136109,42.913505
"561","p16",17,179,70,"R",75.9,34.3,21,69.6,34.562813,44.082205
"562","p16",17,179,70,"R",75.9,34.3,22,70.2,35.017767,44.924306
"563","p16",17,179,70,"R",75.9,34.3,23,68.5,34.98507,44.641765
"564","p16",17,179,70,"R",75.9,34.3,24,71.5,38.30326,48.14887
"565","p16",17,179,70,"R",75.9,34.3,25,71.3,35.936526,45.544589
"566","p16",17,179,70,"R",75.9,34.3,26,72.9,39.591288,49.316222
"567","p16",17,179,70,"R",75.9,34.3,27,75,41.665816,51.507962
"568","p16",17,179,70,"R",75.9,34.3,28,75,40.090134,49.233405
"569","p16",17,179,70,"R",75.9,34.3,29,75.4,41.67107,51.187639
"570","p16",17,179,70,"R",75.9,34.3,30,75.8,42.12539,51.685095
"571","p16",17,179,70,"R",75.9,34.3,31,67.4,33.62915,42.66797
"572","p16",17,179,70,"R",75.9,34.3,32,70.5,33.875526,42.722753
"573","p16",17,179,70,"R",75.9,34.3,33,75.9,42.730171,51.976415
"574","p17",18,217.6,77,"R",75,32.8,1,32.8,19.601829,14.523808
"575","p17",18,217.6,77,"R",75,32.8,2,36.6,11.67521,16.437413
"576","p17",18,217.6,77,"R",75,32.8,3,36.3,10.552915,15.559859
"577","p17",18,217.6,77,"R",75,32.8,4,40.4,13.473935,17.613049
"578","p17",18,217.6,77,"R",75,32.8,5,43.6,14.527126,17.696967
"579","p17",18,217.6,77,"R",75,32.8,6,NA,19.601459,21.406567
"580","p17",18,217.6,77,"R",75,32.8,7,51.1,21.212186,22.43743
"581","p17",18,217.6,77,"R",75,32.8,8,50.8,19.535355,23.388931
"582","p17",18,217.6,77,"R",75,32.8,9,54.8,23.253668,25.799156
"583","p17",18,217.6,77,"R",75,32.8,10,55.8,26.590338,27.948461
"584","p17",18,217.6,77,"R",75,32.8,11,57,27.875235,29.415176
"585","p17",18,217.6,77,"R",75,32.8,12,57,27.900894,28.565372
"586","p17",18,217.6,77,"R",75,32.8,13,63.4,35.642895,30.435319
"587","p17",18,217.6,77,"R",75,32.8,14,63.4,33.561266,36.238531
"588","p17",18,217.6,77,"R",75,32.8,15,64.4,37.756164,36.92062
"589","p17",18,217.6,77,"R",75,32.8,16,66.2,36.905532,38.498861
"590","p17",18,217.6,77,"R",75,32.8,17,67.9,39.742723,39.636265
"591","p17",18,217.6,77,"R",75,32.8,18,68.1,44.906085,41.873548
"592","p17",18,217.6,77,"R",75,32.8,19,70.5,44.934287,46.504517
"593","p17",18,217.6,77,"R",75,32.8,20,71.5,47.856186,49.404012
"594","p17",18,217.6,77,"R",75,32.8,21,71.5,48.060802,50.663457
"595","p17",18,217.6,77,"R",75,32.8,22,71.3,49.081958,51.350941
"596","p17",18,217.6,77,"R",75,32.8,23,71.9,47.862229,51.756628
"597","p17",18,217.6,77,"R",75,32.8,24,69.8,43.032493,47.918296
"598","p17",18,217.6,77,"R",75,32.8,25,71.4,47.539804,47.698022
"599","p17",18,217.6,77,"R",75,32.8,26,70.6,47.785979,49.769663
"600","p17",18,217.6,77,"R",75,32.8,27,70.5,49.001573,51.661178
"601","p17",18,217.6,77,"R",75,32.8,28,72.4,48.150282,53.198702
"602","p17",18,217.6,77,"R",75,32.8,29,69.9,47.067795,50.736896
"603","p17",18,217.6,77,"R",75,32.8,30,73.1,45.651943,48.102742
"604","p17",18,217.6,77,"R",75,32.8,31,71.5,45.757031,48.213532
"605","p17",18,217.6,77,"R",75,32.8,32,71.2,47.109313,50.538066
"606","p17",18,217.6,77,"R",75,32.8,33,72.8,45.83535,51.11035
"607","p17",18,217.6,77,"R",75,32.8,34,70.3,49.564652,52.086051
"608","p17",18,217.6,77,"R",75,32.8,35,70.8,46.184007,46.881089
"609","p17",18,217.6,77,"R",75,32.8,36,71.5,46.10175,51.375823
"610","p17",18,217.6,77,"R",75,32.8,37,72.3,47.378335,46.330354
"611","p17",18,217.6,77,"R",75,32.8,38,70.7,45.215833,47.252606
"612","p17",18,217.6,77,"R",75,32.8,39,73.4,50.758425,52.738158
"613","p17",18,217.6,77,"R",75,32.8,40,72.9,53.257985,53.501705
"614","p17",18,217.6,77,"R",75,32.8,41,74.8,NA,NA
"615","p17",18,217.6,77,"R",75,32.8,42,74.8,48.192436,50.25849
"616","p17",18,217.6,77,"R",75,32.8,43,75,52.388118,54.767121
"617","p17",18,217.6,77,"R",75,32.8,44,73.3,52.324663,49.79924
"618","p17",18,217.6,77,"R",75,32.8,45,73.2,49.109874,51.862832
"619","p17",18,217.6,77,"R",75,32.8,46,72.6,48.392037,47.881668
"620","p17",18,217.6,77,"R",75,32.8,47,73.5,51.167844,51.124034
"621","p17",18,217.6,77,"R",75,32.8,48,73.1,48.699225,48.888521
"622","p17",18,217.6,77,"R",75,32.8,49,72.6,44.573421,47.112091
"623","p17",18,217.6,77,"R",75,32.8,50,73.3,46.318556,45.501203
"624","p17",18,217.6,77,"R",75,32.8,51,73.4,50.330058,59.764886
"625","p18",20,216.4,75,"R",85.1,30,1,30,12.328857,14.331015
"626","p18",20,216.4,75,"R",85.1,30,2,32.6,14.281993,15.318307
"627","p18",20,216.4,75,"R",85.1,30,3,36,16.176338,18.184604
"628","p18",20,216.4,75,"R",85.1,30,4,38.9,17.76735,19.550471
"629","p18",20,216.4,75,"R",85.1,30,5,NA,16.237096,17.796116
"630","p18",20,216.4,75,"R",85.1,30,6,42.3,20.014331,22.613737
"631","p18",20,216.4,75,"R",85.1,30,7,47.2,24.008659,27.320302
"632","p18",20,216.4,75,"R",85.1,30,8,48.6,26.664869,29.327587
"633","p18",20,216.4,75,"R",85.1,30,9,52.6,29.004756,31.659973
"634","p18",20,216.4,75,"R",85.1,30,10,49.3,27.303664,30.420319
"635","p18",20,216.4,75,"R",85.1,30,11,54.8,33.519254,35.396214
"636","p18",20,216.4,75,"R",85.1,30,12,63.6,44.32945,47.914066
"637","p18",20,216.4,75,"R",85.1,30,13,70.6,54.33845,57.341587
"638","p18",20,216.4,75,"R",85.1,30,14,72.4,59.843655,61.076386
"639","p18",20,216.4,75,"R",85.1,30,15,75.4,63.3439,63.528483
"640","p18",20,216.4,75,"R",85.1,30,16,74.5,61.197652,60.724135
"641","p18",20,216.4,75,"R",85.1,30,17,77.9,66.953654,65.543138
"642","p18",20,216.4,75,"R",85.1,30,18,78.9,73.912337,71.708606
"643","p18",20,216.4,75,"R",85.1,30,19,81.8,76.543424,72.848256
"644","p18",20,216.4,75,"R",85.1,30,20,80.5,74.445747,71.151236
"645","p18",20,216.4,75,"R",85.1,30,21,79.7,75.804841,71.057064
"646","p18",20,216.4,75,"R",85.1,30,22,84.1,81.891999,76.551221
"647","p18",20,216.4,75,"R",85.1,30,23,82.5,78.373364,73.890719
"648","p18",20,216.4,75,"R",85.1,30,24,84.1,78.915899,69.428272
"649","p18",20,216.4,75,"R",85.1,30,25,83.1,82.160803,75.527585
"650","p18",20,216.4,75,"R",85.1,30,26,82,80.183708,74.567367
"651","p18",20,216.4,75,"R",85.1,30,27,83.8,80.57258,78.160992
"652","p18",20,216.4,75,"R",85.1,30,28,85.1,85.200038,81.839909
"653","p18",20,216.4,75,"R",85.1,30,29,84.6,87.693721,84.395863
"654","p18",20,216.4,75,"R",85.1,30,30,83.9,84.837945,80.894731
"655","p19",20,213.4,80,"L",75.3,34.8,1,34.8,17.047069,24.646401
"656","p19",20,213.4,80,"L",75.3,34.8,2,36.5,14.856785,25.504162
"657","p19",20,213.4,80,"L",75.3,34.8,3,36.9,16.275764,24.668864
"658","p19",20,213.4,80,"L",75.3,34.8,4,38.3,16.601611,28.559058
"659","p19",20,213.4,80,"L",75.3,34.8,5,41.1,16.125524,29.185865
"660","p19",20,213.4,80,"L",75.3,34.8,6,46.2,21.47964,34.652681
"661","p19",20,213.4,80,"L",75.3,34.8,7,48.5,21.988171,35.727351
"662","p19",20,213.4,80,"L",75.3,34.8,8,48.3,23.376513,36.148709
"663","p19",20,213.4,80,"L",75.3,34.8,9,50.4,25.259847,40.743764
"664","p19",20,213.4,80,"L",75.3,34.8,10,50.8,25.371787,38.340194
"665","p19",20,213.4,80,"L",75.3,34.8,11,53.5,27.455647,43.278835
"666","p19",20,213.4,80,"L",75.3,34.8,12,54.4,28.54216,48.050983
"667","p19",20,213.4,80,"L",75.3,34.8,13,58.1,30.046752,47.183296
"668","p19",20,213.4,80,"L",75.3,34.8,14,60.8,33.150242,52.082975
"669","p19",20,213.4,80,"L",75.3,34.8,15,64.3,35.496683,58.63459
"670","p19",20,213.4,80,"L",75.3,34.8,16,63.8,33.936182,54.442486
"671","p19",20,213.4,80,"L",75.3,34.8,17,64.3,36.131757,54.52071
"672","p19",20,213.4,80,"L",75.3,34.8,18,63.6,35.153205,57.660522
"673","p19",20,213.4,80,"L",75.3,34.8,19,63.6,35.150839,53.932367
"674","p19",20,213.4,80,"L",75.3,34.8,20,67.1,37.144017,57.752849
"675","p19",20,213.4,80,"L",75.3,34.8,21,64.6,35.238417,53.695859
"676","p19",20,213.4,80,"L",75.3,34.8,22,69.2,38.520943,62.693443
"677","p19",20,213.4,80,"L",75.3,34.8,23,65.1,37.729812,58.712059
"678","p19",20,213.4,80,"L",75.3,34.8,24,70.6,39.824839,62.276667
"679","p19",20,213.4,80,"L",75.3,34.8,25,70.3,43.535697,65.039126
"680","p19",20,213.4,80,"L",75.3,34.8,26,71.1,43.883371,65.013481
"681","p19",20,213.4,80,"L",75.3,34.8,27,71.6,42.834885,65.739375
"682","p19",20,213.4,80,"L",75.3,34.8,28,71.3,42.924255,61.454207
"683","p19",20,213.4,80,"L",75.3,34.8,29,72.6,42.589884,62.884102
"684","p19",20,213.4,80,"L",75.3,34.8,30,74.4,46.701251,66.584675
"685","p19",20,213.4,80,"L",75.3,34.8,31,75.3,47.578731,70.059195
"686","p19",20,213.4,80,"L",75.3,34.8,32,74.8,43.037925,64.162574
"687","p19",20,213.4,80,"L",75.3,34.8,33,71.8,43.550568,64.792203
"688","p19",20,213.4,80,"L",75.3,34.8,34,73,43.250753,66.030631
"689","p19",20,213.4,80,"L",75.3,34.8,35,70.3,38.524098,60.356901
"690","p19",20,213.4,80,"L",75.3,34.8,36,74.5,44.167737,66.146449
"691","p19",20,213.4,80,"L",75.3,34.8,37,75.2,47.495623,71.719668
"692","p19",20,213.4,80,"L",75.3,34.8,38,74.6,44.999031,67.304771
"693","p19",20,213.4,80,"L",75.3,34.8,39,74.3,43.971868,67.152197
"694","p19",20,213.4,80,"L",75.3,34.8,40,74.2,42.280246,64.876161
"695","p19",20,213.4,80,"L",75.3,34.8,41,70.8,39.680666,58.77454
"696","p19",20,213.4,80,"L",75.3,34.8,42,72.3,42.903138,64.444145
"697","p20",20,224.8,75,"R",81.4,30.1,1,31,10.528449,16.774842
"698","p20",20,224.8,75,"R",81.4,30.1,2,30.1,9.476533,16.061831
"699","p20",20,224.8,75,"R",81.4,30.1,3,32.6,10.544692,17.20877
"700","p20",20,224.8,75,"R",81.4,30.1,4,34,12.534031,20.080197
"701","p20",20,224.8,75,"R",81.4,30.1,5,34.8,13.301658,20.49994
"702","p20",20,224.8,75,"R",81.4,30.1,6,40.2,16.847936,26.67347
"703","p20",20,224.8,75,"R",81.4,30.1,7,40.8,17.825248,27.361445
"704","p20",20,224.8,75,"R",81.4,30.1,8,41.3,17.615358,27.984501
"705","p20",20,224.8,75,"R",81.4,30.1,9,41.8,19.266301,29.827352
"706","p20",20,224.8,75,"R",81.4,30.1,10,44.4,20.348507,31.614027
"707","p20",20,224.8,75,"R",81.4,30.1,11,47.2,25.196108,38.195936
"708","p20",20,224.8,75,"R",81.4,30.1,12,48.8,28.148791,39.046417
"709","p20",20,224.8,75,"R",81.4,30.1,13,47.8,25.977359,38.136268
"710","p20",20,224.8,75,"R",81.4,30.1,14,49.8,26.964972,39.151375
"711","p20",20,224.8,75,"R",81.4,30.1,15,51.2,29.746019,41.780411
"712","p20",20,224.8,75,"R",81.4,30.1,16,52.6,32.300894,47.60177
"713","p20",20,224.8,75,"R",81.4,30.1,17,52.4,29.324307,44.178477
"714","p20",20,224.8,75,"R",81.4,30.1,18,53.6,35.594158,48.925967
"715","p20",20,224.8,75,"R",81.4,30.1,19,55.4,36.364571,53.051819
"716","p20",20,224.8,75,"R",81.4,30.1,20,56.3,36.978002,53.056022
"717","p20",20,224.8,75,"R",81.4,30.1,21,56.7,36.764063,54.023007
"718","p20",20,224.8,75,"R",81.4,30.1,22,57.8,40.207206,55.514259
"719","p20",20,224.8,75,"R",81.4,30.1,23,60.4,44.340738,60.874291
"720","p20",20,224.8,75,"R",81.4,30.1,24,61.6,47.195175,64.752614
"721","p20",20,224.8,75,"R",81.4,30.1,25,62.6,47.38133,65.382183
"722","p20",20,224.8,75,"R",81.4,30.1,26,61.9,50.317733,67.574373
"723","p20",20,224.8,75,"R",81.4,30.1,27,61.9,49.54649,67.125969
"724","p20",20,224.8,75,"R",81.4,30.1,28,62.3,47.771851,64.51169
"725","p20",20,224.8,75,"R",81.4,30.1,29,63.3,49.812911,69.463331
"726","p20",20,224.8,75,"R",81.4,30.1,30,65.4,52.778725,71.081308
"727","p20",20,224.8,75,"R",81.4,30.1,31,65.3,53.580235,72.698221
"728","p20",20,224.8,75,"R",81.4,30.1,32,68,55.49574,74.609776
"729","p20",20,224.8,75,"R",81.4,30.1,33,65.6,56.027601,75.745644
"730","p20",20,224.8,75,"R",81.4,30.1,34,64.7,55.101008,74.571238
"731","p20",20,224.8,75,"R",81.4,30.1,35,65.9,54.502684,75.495676
"732","p20",20,224.8,75,"R",81.4,30.1,36,66.6,58.466077,78.995484
"733","p20",20,224.8,75,"R",81.4,30.1,37,67.8,57.023053,78.98229
"734","p20",20,224.8,75,"R",81.4,30.1,38,68.9,61.877288,83.727774
"735","p20",20,224.8,75,"R",81.4,30.1,39,68.7,55.748764,76.50626
"736","p20",20,224.8,75,"R",81.4,30.1,40,70.6,62.762601,85.508987
"737","p20",20,224.8,75,"R",81.4,30.1,41,71.7,63.688769,87.30542
"738","p20",20,224.8,75,"R",81.4,30.1,42,70.1,62.990325,83.13607
"739","p20",20,224.8,75,"R",81.4,30.1,43,73.6,69.344538,91.906795
"740","p20",20,224.8,75,"R",81.4,30.1,44,72.6,68.468421,93.554351
"741","p20",20,224.8,75,"R",81.4,30.1,45,79.6,85.898103,109.552809
"742","p20",20,224.8,75,"R",81.4,30.1,46,78.9,81.643093,106.356678
"743","p20",20,224.8,75,"R",81.4,30.1,47,80.8,88.683777,111.169278
"744","p20",20,224.8,75,"R",81.4,30.1,48,81.4,91.976726,110.345236
"745","p20",20,224.8,75,"R",81.4,30.1,49,80.8,89.080698,113.266832
"746","p21",22,216.4,70,"R",80.8,28.9,1,28.9,12.512198,15.498535
"747","p21",22,216.4,70,"R",80.8,28.9,2,34.6,16.852079,19.109729
"748","p21",22,216.4,70,"R",80.8,28.9,3,39.9,19.999545,21.705971
"749","p21",22,216.4,70,"R",80.8,28.9,4,42.2,22.32488,23.264132
"750","p21",22,216.4,70,"R",80.8,28.9,5,46.4,26.705633,27.683904
"751","p21",22,216.4,70,"R",80.8,28.9,6,49,28.905055,29.787566
"752","p21",22,216.4,70,"R",80.8,28.9,7,51.1,31.413748,31.947212
"753","p21",22,216.4,70,"R",80.8,28.9,8,53.2,33.286978,34.020778
"754","p21",22,216.4,70,"R",80.8,28.9,9,55.1,36.544542,37.136719
"755","p21",22,216.4,70,"R",80.8,28.9,10,61.1,40.332775,42.193436
"756","p21",22,216.4,70,"R",80.8,28.9,11,59.1,39.374986,42.923738
"757","p21",22,216.4,70,"R",80.8,28.9,12,60.9,41.406683,41.654074
"758","p21",22,216.4,70,"R",80.8,28.9,13,65,44.923147,45.758375
"759","p21",22,216.4,70,"R",80.8,28.9,14,70.2,48.214764,50.018632
"760","p21",22,216.4,70,"R",80.8,28.9,15,69.8,48.281395,51.380787
"761","p21",22,216.4,70,"R",80.8,28.9,16,70.9,48.741221,53.681496
"762","p21",22,216.4,70,"R",80.8,28.9,17,70.9,49.838969,54.495758
"763","p21",22,216.4,70,"R",80.8,28.9,18,70.3,51.18526,54.264255
"764","p21",22,216.4,70,"R",80.8,28.9,19,72.5,51.463647,56.433903
"765","p21",22,216.4,70,"R",80.8,28.9,20,71,48.432448,53.720161
"766","p21",22,216.4,70,"R",80.8,28.9,21,73.4,50.231965,56.449972
"767","p21",22,216.4,70,"R",80.8,28.9,22,68.9,49.337811,50.585654
"768","p21",22,216.4,70,"R",80.8,28.9,23,70.2,50.285663,53.253508
"769","p21",22,216.4,70,"R",80.8,28.9,24,69.9,49.233089,50.089549
"770","p21",22,216.4,70,"R",80.8,28.9,25,74.3,53.077992,56.266932
"771","p21",22,216.4,70,"R",80.8,28.9,26,77.2,57.817141,63.538769
"772","p21",22,216.4,70,"R",80.8,28.9,27,80.8,67.7314,72.384886
"773","p21",22,216.4,70,"R",80.8,28.9,28,77.8,NA,NA
"774","p21",22,216.4,70,"R",80.8,28.9,29,78.4,59.650811,65.282248
"775","p21",22,216.4,70,"R",80.8,28.9,30,76.4,58.58977,61.859269
"776","p22",22,202.4,74,"R",78.8,31.1,1,31.1,8.824877,10.501373
"777","p22",22,202.4,74,"R",78.8,31.1,2,34.8,11.693958,11.937697
"778","p22",22,202.4,74,"R",78.8,31.1,3,37.3,13.869993,13.27192
"779","p22",22,202.4,74,"R",78.8,31.1,4,41,16.04184,14.874274
"780","p22",22,202.4,74,"R",78.8,31.1,5,41.6,16.209323,16.083983
"781","p22",22,202.4,74,"R",78.8,31.1,6,41.9,16.222792,15.619424
"782","p22",22,202.4,74,"R",78.8,31.1,7,50.6,23.232744,20.670758
"783","p22",22,202.4,74,"R",78.8,31.1,8,56.3,29.493171,25.685619
"784","p22",22,202.4,74,"R",78.8,31.1,9,58.9,33.922725,28.720248
"785","p22",22,202.4,74,"R",78.8,31.1,10,59.6,33.645678,30.974449
"786","p22",22,202.4,74,"R",78.8,31.1,11,60.5,34.418701,30.467669
"787","p22",22,202.4,74,"R",78.8,31.1,12,67.6,41.206231,38.289792
"788","p22",22,202.4,74,"R",78.8,31.1,13,68.8,40.623324,39.311604
"789","p22",22,202.4,74,"R",78.8,31.1,14,71.8,44.080946,44.259231
"790","p22",22,202.4,74,"R",78.8,31.1,15,71.3,40.934129,40.411019
"791","p22",22,202.4,74,"R",78.8,31.1,16,72.6,46.390494,45.834033
"792","p22",22,202.4,74,"R",78.8,31.1,17,74.4,48.023793,46.330451
"793","p22",22,202.4,74,"R",78.8,31.1,18,75.8,48.604512,49.915299
"794","p22",22,202.4,74,"R",78.8,31.1,19,77,51.476235,51.271064
"795","p22",22,202.4,74,"R",78.8,31.1,20,78.8,52.476874,54.742204
"796","p23",19,170,71,"R",80.2,32.9,1,33,9.805783,14.929758
"797","p23",19,170,71,"R",80.2,32.9,2,32.9,9.872151,14.329854
"798","p23",19,170,71,"R",80.2,32.9,3,35,11.306399,16.380135
"799","p23",19,170,71,"R",80.2,32.9,4,35.3,11.82185,15.862938
"800","p23",19,170,71,"R",80.2,32.9,5,35.4,12.016926,15.548694
"801","p23",19,170,71,"R",80.2,32.9,6,37,11.682325,17.171581
"802","p23",19,170,71,"R",80.2,32.9,7,41.1,15.864066,20.023135
"803","p23",19,170,71,"R",80.2,32.9,8,42,16.353424,21.193467
"804","p23",19,170,71,"R",80.2,32.9,9,44.1,18.810944,23.181526
"805","p23",19,170,71,"R",80.2,32.9,10,45.6,19.846861,24.766389
"806","p23",19,170,71,"R",80.2,32.9,11,45.2,20.688064,24.538767
"807","p23",19,170,71,"R",80.2,32.9,12,46.4,20.415663,25.348013
"808","p23",19,170,71,"R",80.2,32.9,13,50.4,24.292353,27.736414
"809","p23",19,170,71,"R",80.2,32.9,14,48.8,23.271154,26.560575
"810","p23",19,170,71,"R",80.2,32.9,15,50.8,25.687582,29.146883
"811","p23",19,170,71,"R",80.2,32.9,16,51.8,26.913956,29.895255
"812","p23",19,170,71,"R",80.2,32.9,17,54.3,28.779311,32.313761
"813","p23",19,170,71,"R",80.2,32.9,18,55.2,29.923703,35.354928
"814","p23",19,170,71,"R",80.2,32.9,19,57.7,32.24292,36.823808
"815","p23",19,170,71,"R",80.2,32.9,20,59.8,34.581391,38.737806
"816","p23",19,170,71,"R",80.2,32.9,21,61,35.714853,41.295516
"817","p23",19,170,71,"R",80.2,32.9,22,62.5,36.232965,41.47892
"818","p23",19,170,71,"R",80.2,32.9,23,63.4,36.6891,43.516043
"819","p23",19,170,71,"R",80.2,32.9,24,66.5,39.459317,47.185952
"820","p23",19,170,71,"R",80.2,32.9,25,67.1,38.692053,45.435954
"821","p23",19,170,71,"R",80.2,32.9,26,70.9,41.96902,49.806697
"822","p23",19,170,71,"R",80.2,32.9,27,73.1,44.137622,49.406775
"823","p23",19,170,71,"R",80.2,32.9,28,75.4,45.140378,54.092394
"824","p23",19,170,71,"R",80.2,32.9,29,76,47.311912,55.573695
"825","p23",19,170,71,"R",80.2,32.9,30,76.1,48.455019,55.608821
"826","p23",19,170,71,"R",80.2,32.9,31,71,41.418172,49.137447
"827","p23",19,170,71,"R",80.2,32.9,32,77.1,49.297443,55.505307
"828","p23",19,170,71,"R",80.2,32.9,33,79.6,50.356917,58.813889
"829","p23",19,170,71,"R",80.2,32.9,34,80.2,54.197864,60.127971
"830","p24",20,188.6,75,"R",79.6,24.9,1,24.9,4.584222,6.294771
"831","p24",20,188.6,75,"R",79.6,24.9,2,28.7,5.675324,7.937397
"832","p24",20,188.6,75,"R",79.6,24.9,3,NA,5.74893,9.717831
"833","p24",20,188.6,75,"R",79.6,24.9,4,46,11.734831,17.809955
"834","p24",20,188.6,75,"R",79.6,24.9,5,51.7,16.199893,23.650856
"835","p24",20,188.6,75,"R",79.6,24.9,6,59.7,23.171218,29.765347
"836","p24",20,188.6,75,"R",79.6,24.9,7,62.6,25.357801,31.838714
"837","p24",20,188.6,75,"R",79.6,24.9,8,64.9,29.248659,34.363058
"838","p24",20,188.6,75,"R",79.6,24.9,9,65.1,28.946647,33.277945
"839","p24",20,188.6,75,"R",79.6,24.9,10,68.1,32.210036,36.820552
"840","p24",20,188.6,75,"R",79.6,24.9,11,67.8,31.613882,37.413114
"841","p24",20,188.6,75,"R",79.6,24.9,12,69.9,35.460688,39.702926
"842","p24",20,188.6,75,"R",79.6,24.9,13,70.1,35.740422,39.941017
"843","p24",20,188.6,75,"R",79.6,24.9,14,70.6,36.651272,39.780752
"844","p24",20,188.6,75,"R",79.6,24.9,15,70.8,37.093641,42.208803
"845","p24",20,188.6,75,"R",79.6,24.9,16,70.9,41.337339,44.302245
"846","p24",20,188.6,75,"R",79.6,24.9,17,72.5,36.06746,38.928034
"847","p24",20,188.6,75,"R",79.6,24.9,18,73.1,39.400382,42.613187
"848","p24",20,188.6,75,"R",79.6,24.9,19,74.4,40.290519,44.106974
"849","p24",20,188.6,75,"R",79.6,24.9,20,72.7,40.001131,44.070747
"850","p24",20,188.6,75,"R",79.6,24.9,21,75.9,44.801042,45.146674
"851","p24",20,188.6,75,"R",79.6,24.9,22,69.1,32.6464,38.707249
"852","p24",20,188.6,75,"R",79.6,24.9,23,70.2,34.730423,38.917958
"853","p24",20,188.6,75,"R",79.6,24.9,24,75.2,40.890543,43.879484
"854","p24",20,188.6,75,"R",79.6,24.9,25,73.4,41.473693,45.792197
"855","p24",20,188.6,75,"R",79.6,24.9,26,75.4,43.110274,43.910467
"856","p24",20,188.6,75,"R",79.6,24.9,27,76,44.843464,46.790728
"857","p24",20,188.6,75,"R",79.6,24.9,28,79.6,51.129097,51.178879
"858","p24",20,188.6,75,"R",79.6,24.9,29,76.8,47.320331,48.489063
"859","p25",22,193.2,74,"R",80.3,28.3,1,28.3,9.622698,7.412387
"860","p25",22,193.2,74,"R",80.3,28.3,2,29.8,9.752341,10.004739
"861","p25",22,193.2,74,"R",80.3,28.3,3,30.8,9.667007,12.282839
"862","p25",22,193.2,74,"R",80.3,28.3,4,33.1,10.739012,13.198713
"863","p25",22,193.2,74,"R",80.3,28.3,5,36.8,11.511051,16.094218
"864","p25",22,193.2,74,"R",80.3,28.3,6,40.9,12.13145,19.876714
"865","p25",22,193.2,74,"R",80.3,28.3,7,46.3,16.555698,25.718553
"866","p25",22,193.2,74,"R",80.3,28.3,8,47.7,18.801894,29.042019
"867","p25",22,193.2,74,"R",80.3,28.3,9,55.3,26.32122,35.828915
"868","p25",22,193.2,74,"R",80.3,28.3,10,59.3,30.584484,41.626091
"869","p25",22,193.2,74,"R",80.3,28.3,11,61.4,32.727913,45.959266
"870","p25",22,193.2,74,"R",80.3,28.3,12,62.3,33.372839,46.174841
"871","p25",22,193.2,74,"R",80.3,28.3,13,67.4,40.548934,54.110958
"872","p25",22,193.2,74,"R",80.3,28.3,14,68.6,42.653352,56.393481
"873","p25",22,193.2,74,"R",80.3,28.3,15,70.9,45.675775,59.323681
"874","p25",22,193.2,74,"R",80.3,28.3,16,73.3,48.239651,60.779054
"875","p25",22,193.2,74,"R",80.3,28.3,17,72.7,49.339027,62.572509
"876","p25",22,193.2,74,"R",80.3,28.3,18,73.4,49.657804,61.934165
"877","p25",22,193.2,74,"R",80.3,28.3,19,75.2,50.1627,63.268361
"878","p25",22,193.2,74,"R",80.3,28.3,20,74.6,51.612052,65.548169
"879","p25",22,193.2,74,"R",80.3,28.3,21,76.3,53.404829,66.268825
"880","p25",22,193.2,74,"R",80.3,28.3,22,75.1,52.833072,65.558678
"881","p25",22,193.2,74,"R",80.3,28.3,23,76.3,53.229348,66.04422
"882","p25",22,193.2,74,"R",80.3,28.3,24,76.9,56.368348,68.425634
"883","p25",22,193.2,74,"R",80.3,28.3,25,78.1,55.604214,66.742952
"884","p25",22,193.2,74,"R",80.3,28.3,26,77.1,56.898882,69.911892
"885","p25",22,193.2,74,"R",80.3,28.3,27,76.3,54.203552,66.582966
"886","p25",22,193.2,74,"R",80.3,28.3,28,77.1,57.178229,68.423331
"887","p25",22,193.2,74,"R",80.3,28.3,29,77.9,57.19284,67.809326
"888","p25",22,193.2,74,"R",80.3,28.3,30,78.9,57.33845,69.475604
"889","p25",22,193.2,74,"R",80.3,28.3,31,78.9,58.465867,68.107687
"890","p25",22,193.2,74,"R",80.3,28.3,32,77.8,59.73357,67.622103
"891","p25",22,193.2,74,"R",80.3,28.3,33,78.2,58.971772,68.679612
"892","p25",22,193.2,74,"R",80.3,28.3,34,78.8,57.619581,68.927135
"893","p25",22,193.2,74,"R",80.3,28.3,35,77.6,58.367859,67.497292
"894","p25",22,193.2,74,"R",80.3,28.3,36,79.1,57.374601,68.200047
"895","p25",22,193.2,74,"R",80.3,28.3,37,75.6,53.286778,66.443989
"896","p25",22,193.2,74,"R",80.3,28.3,38,76.3,51.661427,64.753724
"897","p25",22,193.2,74,"R",80.3,28.3,39,76.4,54.250072,65.742205
"898","p25",22,193.2,74,"R",80.3,28.3,40,80.3,60.017267,70.875552
"899","p26",25,206,73,"R",82.1,32.1,1,32.1,6.941413,13.85806
"900","p26",25,206,73,"R",82.1,32.1,2,37.1,9.70243,18.087644
"901","p26",25,206,73,"R",82.1,32.1,3,41.7,14.024446,21.711426
"902","p26",25,206,73,"R",82.1,32.1,4,37.1,9.227794,17.643316
"903","p26",25,206,73,"R",82.1,32.1,5,41.6,11.49313,22.145455
"904","p26",25,206,73,"R",82.1,32.1,6,42.8,13.056114,21.907833
"905","p26",25,206,73,"R",82.1,32.1,7,48.2,18.490009,29.24103
"906","p26",25,206,73,"R",82.1,32.1,8,48.4,18.91604,29.301676
"907","p26",25,206,73,"R",82.1,32.1,9,50.5,21.396247,31.574275
"908","p26",25,206,73,"R",82.1,32.1,10,52.4,23.855274,32.8781
"909","p26",25,206,73,"R",82.1,32.1,11,55.1,25.958643,36.84205
"910","p26",25,206,73,"R",82.1,32.1,12,54.1,25.955347,35.317832
"911","p26",25,206,73,"R",82.1,32.1,13,57.3,30.462758,40.455482
"912","p26",25,206,73,"R",82.1,32.1,14,55.9,26.466089,38.948887
"913","p26",25,206,73,"R",82.1,32.1,15,58.1,31.399207,41.766991
"914","p26",25,206,73,"R",82.1,32.1,16,62.8,36.707276,48.510176
"915","p26",25,206,73,"R",82.1,32.1,17,66.7,41.956024,53.341124
"916","p26",25,206,73,"R",82.1,32.1,18,69.9,46.512596,58.817941
"917","p26",25,206,73,"R",82.1,32.1,19,70.7,46.991014,57.96643
"918","p26",25,206,73,"R",82.1,32.1,20,72.4,49.144662,61.887478
"919","p26",25,206,73,"R",82.1,32.1,21,75.7,52.170208,64.289138
"920","p26",25,206,73,"R",82.1,32.1,22,73.8,51.826153,65.387758
"921","p26",25,206,73,"R",82.1,32.1,23,75.9,52.652207,66.032982
"922","p26",25,206,73,"R",82.1,32.1,24,77.2,54.317499,67.129556
"923","p26",25,206,73,"R",82.1,32.1,25,77.6,54.218476,66.840179
"924","p26",25,206,73,"R",82.1,32.1,26,76.9,54.099333,65.959114
"925","p26",25,206,73,"R",82.1,32.1,27,76.2,53.100062,67.829922
"926","p26",25,206,73,"R",82.1,32.1,28,72.7,46.844989,60.420189
"927","p26",25,206,73,"R",82.1,32.1,29,67.3,40.405081,55.240479
"928","p26",25,206,73,"R",82.1,32.1,30,74.3,50.437554,64.608416
"929","p26",25,206,73,"R",82.1,32.1,31,73.1,47.842955,62.146586
"930","p26",25,206,73,"R",82.1,32.1,32,76.3,51.707542,65.937084
"931","p26",25,206,73,"R",82.1,32.1,33,80.8,60.47519,75.872989
"932","p26",25,206,73,"R",82.1,32.1,34,81.5,60.2627,74.086413
"933","p26",25,206,73,"R",82.1,32.1,35,81.6,61.569264,73.958564
"934","p26",25,206,73,"R",82.1,32.1,36,82.1,61.355833,75.735349
"935","p27",20,176.8,70,"L",77.9,33.3,1,33.3,10.938404,15.812829
"936","p27",20,176.8,70,"L",77.9,33.3,2,37.5,12.102678,18.473257
"937","p27",20,176.8,70,"L",77.9,33.3,3,39.9,12.668589,19.747056
"938","p27",20,176.8,70,"L",77.9,33.3,4,47.8,19.821247,25.618975
"939","p27",20,176.8,70,"L",77.9,33.3,5,50.5,22.791866,27.092237
"940","p27",20,176.8,70,"L",77.9,33.3,6,50.6,23.427903,27.128587
"941","p27",20,176.8,70,"L",77.9,33.3,7,61.8,32.327991,38.316443
"942","p27",20,176.8,70,"L",77.9,33.3,8,58.6,28.5117,33.754283
"943","p27",20,176.8,70,"L",77.9,33.3,9,71.8,41.352743,53.369862
"944","p27",20,176.8,70,"L",77.9,33.3,10,71.6,41.408763,51.348958
"945","p27",20,176.8,70,"L",77.9,33.3,11,72.5,42.648189,53.85774
"946","p27",20,176.8,70,"L",77.9,33.3,12,72.5,41.495265,53.949721
"947","p27",20,176.8,70,"L",77.9,33.3,13,74.1,45.347988,56.737001
"948","p27",20,176.8,70,"L",77.9,33.3,14,74.1,45.723176,56.367189
"949","p27",20,176.8,70,"L",77.9,33.3,15,72.1,42.318874,52.73176
"950","p27",20,176.8,70,"L",77.9,33.3,16,73.8,45.244483,57.26595
"951","p27",20,176.8,70,"L",77.9,33.3,17,73,43.193454,55.692189
"952","p27",20,176.8,70,"L",77.9,33.3,18,70.6,39.71055,51.597791
"953","p27",20,176.8,70,"L",77.9,33.3,19,75.1,43.811657,55.941361
"954","p27",20,176.8,70,"L",77.9,33.3,20,74.4,45.360324,56.859275
"955","p27",20,176.8,70,"L",77.9,33.3,21,74.3,45.309665,55.995555
"956","p27",20,176.8,70,"L",77.9,33.3,22,73.5,45.218421,54.928785
"957","p27",20,176.8,70,"L",77.9,33.3,23,77.5,52.396342,62.981555
"958","p27",20,176.8,70,"L",77.9,33.3,24,77.9,53.868522,64.275474
"959","p28",20,213.6,74,"R",83.1,53.6,1,NA,28.921345,32.01699
"960","p28",20,213.6,74,"R",83.1,53.6,2,53.6,37.869946,41.389737
"961","p28",20,213.6,74,"R",83.1,53.6,3,55.9,38.391415,44.36796
"962","p28",20,213.6,74,"R",83.1,53.6,4,58.3,43.117823,50.164248
"963","p28",20,213.6,74,"R",83.1,53.6,5,57.1,40.654362,47.257253
"964","p28",20,213.6,74,"R",83.1,53.6,6,58.9,44.135496,52.957988
"965","p28",20,213.6,74,"R",83.1,53.6,7,58.7,42.164537,48.328577
"966","p28",20,213.6,74,"R",83.1,53.6,8,60.2,44.035262,51.816474
"967","p28",20,213.6,74,"R",83.1,53.6,9,61.6,46.854064,54.807562
"968","p28",20,213.6,74,"R",83.1,53.6,10,61.4,46.773378,54.655523
"969","p28",20,213.6,74,"R",83.1,53.6,11,63.4,48.412428,58.297914
"970","p28",20,213.6,74,"R",83.1,53.6,12,66,47.452769,56.982558
"971","p28",20,213.6,74,"R",83.1,53.6,13,65.9,50.248549,59.716353
"972","p28",20,213.6,74,"R",83.1,53.6,14,66.9,51.374622,62.125275
"973","p28",20,213.6,74,"R",83.1,53.6,15,65,50.366921,60.016098
"974","p28",20,213.6,74,"R",83.1,53.6,16,65.1,49.458651,57.711797
"975","p28",20,213.6,74,"R",83.1,53.6,17,64.8,47.113946,56.997272
"976","p28",20,213.6,74,"R",83.1,53.6,18,65.8,50.019336,60.004696
"977","p28",20,213.6,74,"R",83.1,53.6,19,69.3,54.913928,64.091785
"978","p28",20,213.6,74,"R",83.1,53.6,20,72.1,60.704854,69.976672
"979","p28",20,213.6,74,"R",83.1,53.6,21,72.5,63.402488,70.450198
"980","p28",20,213.6,74,"R",83.1,53.6,22,71.4,60.211701,68.609777
"981","p28",20,213.6,74,"R",83.1,53.6,23,73.6,64.070246,71.098877
"982","p28",20,213.6,74,"R",83.1,53.6,24,73.3,59.462657,65.631697
"983","p28",20,213.6,74,"R",83.1,53.6,25,74.8,62.337591,69.30997
"984","p28",20,213.6,74,"R",83.1,53.6,26,75.4,60.493443,69.808319
"985","p28",20,213.6,74,"R",83.1,53.6,27,77.6,73.204199,82.098195
"986","p28",20,213.6,74,"R",83.1,53.6,28,76.7,71.12425,79.380875
"987","p28",20,213.6,74,"R",83.1,53.6,29,78.8,65.643535,75.332462
"988","p28",20,213.6,74,"R",83.1,53.6,30,77.4,61.645037,70.095575
"989","p28",20,213.6,74,"R",83.1,53.6,31,77.7,73.898941,79.407913
"990","p28",20,213.6,74,"R",83.1,53.6,32,78,75.149866,84.13252
"991","p28",20,213.6,74,"R",83.1,53.6,33,78.5,72.674479,81.770954
"992","p28",20,213.6,74,"R",83.1,53.6,34,76.7,72.927045,83.553723
"993","p28",20,213.6,74,"R",83.1,53.6,35,78,74.130107,82.552495
"994","p28",20,213.6,74,"R",83.1,53.6,36,78.6,71.07096,76.756735
"995","p28",20,213.6,74,"R",83.1,53.6,37,80,65.691641,75.980342
"996","p28",20,213.6,74,"R",83.1,53.6,38,80.3,73.10874,79.264802
"997","p28",20,213.6,74,"R",83.1,53.6,39,79.1,74.592831,81.024157
"998","p28",20,213.6,74,"R",83.1,53.6,40,83.1,81.853711,85.956076
"999","p28",20,213.6,74,"R",83.1,53.6,41,81.7,79.714948,84.277038
"1000","p29",23,183,72,"R",82.6,53.5,1,53.5,30.214811,39.52742
"1001","p29",23,183,72,"R",82.6,53.5,2,61.6,38.376422,48.805124
"1002","p29",23,183,72,"R",82.6,53.5,3,63.6,39.35113,48.706289
"1003","p29",23,183,72,"R",82.6,53.5,4,61,37.729852,47.044797
"1004","p29",23,183,72,"R",82.6,53.5,5,66.1,40.778724,51.522561
"1005","p29",23,183,72,"R",82.6,53.5,6,65.6,42.874663,52.977712
"1006","p29",23,183,72,"R",82.6,53.5,7,62.1,38.078079,48.401027
"1007","p29",23,183,72,"R",82.6,53.5,8,69,45.566049,55.408609
"1008","p29",23,183,72,"R",82.6,53.5,9,62,37.966988,48.159524
"1009","p29",23,183,72,"R",82.6,53.5,10,64.4,40.298715,51.446473
"1010","p29",23,183,72,"R",82.6,53.5,11,68.1,44.708971,56.070968
"1011","p29",23,183,72,"R",82.6,53.5,12,70.3,46.775754,57.996487
"1012","p29",23,183,72,"R",82.6,53.5,13,62.6,37.567855,48.18391
"1013","p29",23,183,72,"R",82.6,53.5,14,68.5,43.987787,55.451842
"1014","p29",23,183,72,"R",82.6,53.5,15,69.8,46.396408,58.879361
"1015","p29",23,183,72,"R",82.6,53.5,16,72.2,52.166451,64.54654
"1016","p29",23,183,72,"R",82.6,53.5,17,72.8,52.616175,63.839113
"1017","p29",23,183,72,"R",82.6,53.5,18,76.6,58.635665,69.411105
"1018","p29",23,183,72,"R",82.6,53.5,19,76.9,58.212778,68.945145
"1019","p29",23,183,72,"R",82.6,53.5,20,78.3,59.879016,71.751786
"1020","p29",23,183,72,"R",82.6,53.5,21,78.3,59.411706,71.580792
"1021","p29",23,183,72,"R",82.6,53.5,22,78.9,61.014488,73.405531
"1022","p29",23,183,72,"R",82.6,53.5,23,77.8,61.363782,72.632893
"1023","p29",23,183,72,"R",82.6,53.5,24,78,59.446338,70.619699
"1024","p29",23,183,72,"R",82.6,53.5,25,82.6,65.358891,79.664564
"1025","p29",23,183,72,"R",82.6,53.5,26,80.3,62.321562,75.588102
"1026","p29",23,183,72,"R",82.6,53.5,27,82.6,65.437168,78.474908
"1027","p29",23,183,72,"R",82.6,53.5,28,81.3,65.255557,76.791322
"1028","p30",22,183.2,73,"R",82.3,37.1,1,NA,28.588266,35.483336
"1029","p30",22,183.2,73,"R",82.3,37.1,2,67.8,33.191201,39.395791
"1030","p30",22,183.2,73,"R",82.3,37.1,3,38.9,13.046537,15.664672
"1031","p30",22,183.2,73,"R",82.3,37.1,4,37.1,12.054552,14.295026
"1032","p30",22,183.2,73,"R",82.3,37.1,5,56,21.589245,27.676609
"1033","p30",22,183.2,73,"R",82.3,37.1,6,60.6,22.348888,27.465768
"1034","p30",22,183.2,73,"R",82.3,37.1,7,58.1,24.189676,30.7641
"1035","p30",22,183.2,73,"R",82.3,37.1,8,61.2,26.202172,33.632733
"1036","p30",22,183.2,73,"R",82.3,37.1,9,67.1,32.125198,39.599869
"1037","p30",22,183.2,73,"R",82.3,37.1,10,67.9,32.522392,41.2829
"1038","p30",22,183.2,73,"R",82.3,37.1,11,64,29.372737,36.728086
"1039","p30",22,183.2,73,"R",82.3,37.1,12,70.4,36.232133,42.747426
"1040","p30",22,183.2,73,"R",82.3,37.1,13,71.8,36.428547,44.536065
"1041","p30",22,183.2,73,"R",82.3,37.1,14,73.6,39.573971,46.766277
"1042","p30",22,183.2,73,"R",82.3,37.1,15,72.9,37.981276,44.559111
"1043","p30",22,183.2,73,"R",82.3,37.1,16,76.8,42.166168,48.673058
"1044","p30",22,183.2,73,"R",82.3,37.1,17,76.4,43.042671,49.450774
"1045","p30",22,183.2,73,"R",82.3,37.1,18,78.8,45.979299,52.310098
"1046","p30",22,183.2,73,"R",82.3,37.1,19,77.7,45.465137,52.283376
"1047","p30",22,183.2,73,"R",82.3,37.1,20,78.7,48.221873,55.744823
"1048","p30",22,183.2,73,"R",82.3,37.1,21,77.8,44.329342,51.050168
"1049","p30",22,183.2,73,"R",82.3,37.1,22,79.1,47.361228,54.61925
"1050","p30",22,183.2,73,"R",82.3,37.1,23,80.8,48.328372,53.535567
"1051","p30",22,183.2,73,"R",82.3,37.1,24,81.4,49.935913,54.988628
"1052","p30",22,183.2,73,"R",82.3,37.1,25,81.7,49.89304,56.716761
"1053","p30",22,183.2,73,"R",82.3,37.1,26,82.3,53.067649,59.803868
"1054","p30",22,183.2,73,"R",82.3,37.1,27,82.1,51.082688,56.553693
"1055","p31",21,198.6,77,"R",76.3,31.6,1,31.6,9.538679,14.435299
"1056","p31",21,198.6,77,"R",76.3,31.6,2,34.4,14.384274,17.112839
"1057","p31",21,198.6,77,"R",76.3,31.6,3,39.2,16.4231,20.636274
"1058","p31",21,198.6,77,"R",76.3,31.6,4,42.8,20.909937,24.166062
"1059","p31",21,198.6,77,"R",76.3,31.6,5,44.3,27.796141,25.739902
"1060","p31",21,198.6,77,"R",76.3,31.6,6,45.4,26.867115,25.952113
"1061","p31",21,198.6,77,"R",76.3,31.6,7,47.2,33.02681,28.716609
"1062","p31",21,198.6,77,"R",76.3,31.6,8,51.3,36.653869,31.884896
"1063","p31",21,198.6,77,"R",76.3,31.6,9,51.9,38.288125,34.297055
"1064","p31",21,198.6,77,"R",76.3,31.6,10,53.9,42.071378,36.7267
"1065","p31",21,198.6,77,"R",76.3,31.6,11,53.8,37.478565,34.576876
"1066","p31",21,198.6,77,"R",76.3,31.6,12,55.9,40.237373,39.616486
"1067","p31",21,198.6,77,"R",76.3,31.6,13,58.8,42.952559,40.127245
"1068","p31",21,198.6,77,"R",76.3,31.6,14,58.8,43.956439,39.975868
"1069","p31",21,198.6,77,"R",76.3,31.6,15,60.6,43.224333,43.169884
"1070","p31",21,198.6,77,"R",76.3,31.6,16,55.9,40.559992,37.840766
"1071","p31",21,198.6,77,"R",76.3,31.6,17,60.4,44.848104,44.264123
"1072","p31",21,198.6,77,"R",76.3,31.6,18,65.2,49.200367,48.781929
"1073","p31",21,198.6,77,"R",76.3,31.6,19,64.4,49.149772,50.448082
"1074","p31",21,198.6,77,"R",76.3,31.6,20,61.8,46.934705,46.331796
"1075","p31",21,198.6,77,"R",76.3,31.6,21,66.4,51.904682,50.579785
"1076","p31",21,198.6,77,"R",76.3,31.6,22,67.1,53.148876,52.589495
"1077","p31",21,198.6,77,"R",76.3,31.6,23,67.4,52.834295,53.495252
"1078","p31",21,198.6,77,"R",76.3,31.6,24,68,53.272451,54.474586
"1079","p31",21,198.6,77,"R",76.3,31.6,25,69.9,53.576506,55.323185
"1080","p31",21,198.6,77,"R",76.3,31.6,26,68,51.515613,53.498891
"1081","p31",21,198.6,77,"R",76.3,31.6,27,69.4,55.924942,58.194515
"1082","p31",21,198.6,77,"R",76.3,31.6,28,69.4,55.914983,57.198212
"1083","p31",21,198.6,77,"R",76.3,31.6,29,70.9,54.026779,57.608274
"1084","p31",21,198.6,77,"R",76.3,31.6,30,69.8,55.712416,58.425925
"1085","p31",21,198.6,77,"R",76.3,31.6,31,69.2,55.13368,60.099693
"1086","p31",21,198.6,77,"R",76.3,31.6,32,69.6,55.893512,57.323474
"1087","p31",21,198.6,77,"R",76.3,31.6,33,72.4,57.253784,60.387783
"1088","p31",21,198.6,77,"R",76.3,31.6,34,71.6,55.952805,60.206316
"1089","p31",21,198.6,77,"R",76.3,31.6,35,72.5,55.51308,54.357908
"1090","p31",21,198.6,77,"R",76.3,31.6,36,72.5,58.214382,63.358042
"1091","p31",21,198.6,77,"R",76.3,31.6,37,72.6,56.436021,63.361736
"1092","p31",21,198.6,77,"R",76.3,31.6,38,73.9,59.737018,65.606753
"1093","p31",21,198.6,77,"R",76.3,31.6,39,71.8,57.948392,61.743763
"1094","p31",21,198.6,77,"R",76.3,31.6,40,69.9,54.847617,58.73259
"1095","p31",21,198.6,77,"R",76.3,31.6,41,72.7,58.869545,63.317489
"1096","p31",21,198.6,77,"R",76.3,31.6,42,72.8,56.034437,63.278863
"1097","p31",21,198.6,77,"R",76.3,31.6,43,73.1,60.195951,65.902739
"1098","p31",21,198.6,77,"R",76.3,31.6,44,74.4,59.287333,64.76255
"1099","p31",21,198.6,77,"R",76.3,31.6,45,74.3,61.223702,65.807153
"1100","p31",21,198.6,77,"R",76.3,31.6,46,76.3,65.767622,69.959693
"1101","p31",21,198.6,77,"R",76.3,31.6,47,75.7,68.96977,68.375224
"1102","p32",20,188.2,74,"R",77.9,44.1,1,44.1,22.034166,22.496991
"1103","p32",20,188.2,74,"R",77.9,44.1,2,49.6,27.466211,28.384797
"1104","p32",20,188.2,74,"R",77.9,44.1,3,55.2,30.040514,34.310715
"1105","p32",20,188.2,74,"R",77.9,44.1,4,55.9,29.873304,35.102507
"1106","p32",20,188.2,74,"R",77.9,44.1,5,61.6,31.065503,43.014235
"1107","p32",20,188.2,74,"R",77.9,44.1,6,60.8,29.662007,42.302665
"1108","p32",20,188.2,74,"R",77.9,44.1,7,65.3,34.653486,44.957048
"1109","p32",20,188.2,74,"R",77.9,44.1,8,66.9,35.101926,52.886134
"1110","p32",20,188.2,74,"R",77.9,44.1,9,67.4,34.771049,50.229232
"1111","p32",20,188.2,74,"R",77.9,44.1,10,72.6,41.262658,57.986058
"1112","p32",20,188.2,74,"R",77.9,44.1,11,71.9,41.644442,57.554455
"1113","p32",20,188.2,74,"R",77.9,44.1,12,74,42.99717,57.405907
"1114","p32",20,188.2,74,"R",77.9,44.1,13,74.2,43.161382,62.328175
"1115","p32",20,188.2,74,"R",77.9,44.1,14,74.3,43.606939,57.835095
"1116","p32",20,188.2,74,"R",77.9,44.1,15,75.8,42.715836,63.92403
"1117","p32",20,188.2,74,"R",77.9,44.1,16,75.6,46.699191,62.118779
"1118","p32",20,188.2,74,"R",77.9,44.1,17,75.2,46.242928,63.920974
"1119","p32",20,188.2,74,"R",77.9,44.1,18,74.9,45.353868,63.987349
"1120","p32",20,188.2,74,"R",77.9,44.1,19,76.6,47.582185,67.042807
"1121","p32",20,188.2,74,"R",77.9,44.1,20,77,48.497967,63.910456
"1122","p32",20,188.2,74,"R",77.9,44.1,21,77.8,48.339426,68.893822
"1123","p32",20,188.2,74,"R",77.9,44.1,22,77.9,47.996234,65.973947
"1124","p32",20,188.2,74,"R",77.9,44.1,23,77.3,48.9422,71.353876
"1125","p32",20,188.2,74,"R",77.9,44.1,24,77.4,51.252381,67.69409
"1126","p32",20,188.2,74,"R",77.9,44.1,25,77.1,47.862983,70.890848
"1127","p32",20,188.2,74,"R",77.9,44.1,26,76.8,49.492737,64.859591
"1128","p32",20,188.2,74,"R",77.9,44.1,27,77.6,50.651098,64.491513
"1129","p32",20,188.2,74,"R",77.9,44.1,28,75.7,48.573687,63.441901
"1130","p32",20,188.2,74,"R",77.9,44.1,29,76.2,49.528793,67.230458
"1131","p32",20,188.2,74,"R",77.9,44.1,30,77.4,48.422911,70.86113
"1132","p32",20,188.2,74,"R",77.9,44.1,31,76.1,49.003619,70.898011
"1133","p32",20,188.2,74,"R",77.9,44.1,32,76,47.944677,69.009071
"1134","p32",20,188.2,74,"R",77.9,44.1,33,76.1,49.582344,68.491995
"1135","p32",20,188.2,74,"R",77.9,44.1,34,75.4,47.749906,70.931635
"1136","p32",20,188.2,74,"R",77.9,44.1,35,76.9,54.711841,74.753488
"1137","p32",20,188.2,74,"R",77.9,44.1,36,77.8,47.814817,73.167913
"1138","p33",22,176.6,72,"R",80.4,41.2,1,41.2,14.680275,16.82651
"1139","p33",22,176.6,72,"R",80.4,41.2,2,44.4,20.973173,16.128442
"1140","p33",22,176.6,72,"R",80.4,41.2,3,44.4,21.799588,16.813249
"1141","p33",22,176.6,72,"R",80.4,41.2,4,45.2,22.296014,18.139666
"1142","p33",22,176.6,72,"R",80.4,41.2,5,47.3,23.027004,19.773751
"1143","p33",22,176.6,72,"R",80.4,41.2,6,47.1,22.45469,18.264358
"1144","p33",22,176.6,72,"R",80.4,41.2,7,48.8,24.361638,20.519627
"1145","p33",22,176.6,72,"R",80.4,41.2,8,49.8,25.424634,22.04406
"1146","p33",22,176.6,72,"R",80.4,41.2,9,48.7,23.651074,20.458989
"1147","p33",22,176.6,72,"R",80.4,41.2,10,51.3,26.073142,22.325294
"1148","p33",22,176.6,72,"R",80.4,41.2,11,54.4,28.232365,24.979755
"1149","p33",22,176.6,72,"R",80.4,41.2,12,55.9,29.850282,25.034158
"1150","p33",22,176.6,72,"R",80.4,41.2,13,65.2,43.36181,37.421098
"1151","p33",22,176.6,72,"R",80.4,41.2,14,64.6,38.982585,36.30868
"1152","p33",22,176.6,72,"R",80.4,41.2,15,68.8,39.765818,40.711324
"1153","p33",22,176.6,72,"R",80.4,41.2,16,69.8,39.021859,40.449109
"1154","p33",22,176.6,72,"R",80.4,41.2,17,65.1,39.427401,36.930993
"1155","p33",22,176.6,72,"R",80.4,41.2,18,70.8,58.457447,38.964894
"1156","p33",22,176.6,72,"R",80.4,41.2,19,72.2,42.14337,43.163811
"1157","p33",22,176.6,72,"R",80.4,41.2,20,74.3,53.639992,43.397894
"1158","p33",22,176.6,72,"R",80.4,41.2,21,75.1,49.730691,55.66711
"1159","p33",22,176.6,72,"R",80.4,41.2,22,76,58.222049,66.490735
"1160","p33",22,176.6,72,"R",80.4,41.2,23,77.3,49.937323,51.627319
"1161","p33",22,176.6,72,"R",80.4,41.2,24,77.9,51.951829,53.219844
"1162","p33",22,176.6,72,"R",80.4,41.2,25,77.8,60.117353,47.055016
"1163","p33",22,176.6,72,"R",80.4,41.2,26,78.1,NA,NA
"1164","p33",22,176.6,72,"R",80.4,41.2,27,77.1,52.12952,96.851185
"1165","p33",22,176.6,72,"R",80.4,41.2,28,77.1,50.35241,53.190132
"1166","p33",22,176.6,72,"R",80.4,41.2,29,76.9,49.328645,51.353901
"1167","p33",22,176.6,72,"R",80.4,41.2,30,77.2,71.790934,45.089822
"1168","p33",22,176.6,72,"R",80.4,41.2,31,79.4,48.958223,52.673709
"1169","p33",22,176.6,72,"R",80.4,41.2,32,79.1,45.014242,79.129383
"1170","p33",22,176.6,72,"R",80.4,41.2,33,78.8,45.937125,44.611046
"1171","p33",22,176.6,72,"R",80.4,41.2,34,78.8,44.021464,93.776021
"1172","p33",22,176.6,72,"R",80.4,41.2,35,78.8,43.232919,94.990631
"1173","p33",22,176.6,72,"R",80.4,41.2,36,78.4,50.088642,54.994345
"1174","p33",22,176.6,72,"R",80.4,41.2,37,80.4,55.037955,57.75005
"1175","p33",22,176.6,72,"R",80.4,41.2,38,79.8,58.765432,56.321054
"1176","p33",22,176.6,72,"R",80.4,41.2,39,79.8,46.991662,53.206612
"1177","p33",22,176.6,72,"R",80.4,41.2,40,78.8,53.199327,59.318182
"1178","p33",22,176.6,72,"R",80.4,41.2,41,67.8,40.320856,41.668553
"1179","p33",22,176.6,72,"R",80.4,41.2,42,73.9,45.732934,50.347697
"1180","p33",22,176.6,72,"R",80.4,41.2,43,80.4,79.002756,57.510211
"1181","p33",22,176.6,72,"R",80.4,41.2,44,79.9,52.82079,62.797942
"1182","p34",14,136.8,66,"R",72.6,37.8,1,37.8,10.061078,9.60501
"1183","p34",14,136.8,66,"R",72.6,37.8,2,43.9,13.519717,11.29951
"1184","p34",14,136.8,66,"R",72.6,37.8,3,45.3,14.407846,11.472757
"1185","p34",14,136.8,66,"R",72.6,37.8,4,47.1,13.630762,12.546637
"1186","p34",14,136.8,66,"R",72.6,37.8,5,48.6,15.506129,12.794542
"1187","p34",14,136.8,66,"R",72.6,37.8,6,48.6,14.676157,14.074957
"1188","p34",14,136.8,66,"R",72.6,37.8,7,53.1,17.204858,14.731982
"1189","p34",14,136.8,66,"R",72.6,37.8,8,54.3,16.159622,16.254089
"1190","p34",14,136.8,66,"R",72.6,37.8,9,54.7,18.516536,16.747373
"1191","p34",14,136.8,66,"R",72.6,37.8,10,53.8,17.914979,16.316071
"1192","p34",14,136.8,66,"R",72.6,37.8,11,56.6,18.607001,16.816075
"1193","p34",14,136.8,66,"R",72.6,37.8,12,54.7,16.398017,16.415923
"1194","p34",14,136.8,66,"R",72.6,37.8,13,61,20.084516,20.501066
"1195","p34",14,136.8,66,"R",72.6,37.8,14,61.4,29.403847,20.824455
"1196","p34",14,136.8,66,"R",72.6,37.8,15,62.7,21.052485,20.52188
"1197","p34",14,136.8,66,"R",72.6,37.8,16,63.9,20.21862,21.064428
"1198","p34",14,136.8,66,"R",72.6,37.8,17,63.8,69.319101,41.570964
"1199","p34",14,136.8,66,"R",72.6,37.8,18,62.8,20.936672,20.923398
"1200","p34",14,136.8,66,"R",72.6,37.8,19,61.8,22.240116,21.817345
"1201","p34",14,136.8,66,"R",72.6,37.8,20,64.2,19.505228,21.797156
"1202","p34",14,136.8,66,"R",72.6,37.8,21,66.3,22.683671,22.597423
"1203","p34",14,136.8,66,"R",72.6,37.8,22,63.6,30.243391,20.712554
"1204","p34",14,136.8,66,"R",72.6,37.8,23,64,21.130166,21.430822
"1205","p34",14,136.8,66,"R",72.6,37.8,24,64.1,20.614437,22.558909
"1206","p34",14,136.8,66,"R",72.6,37.8,25,65.3,35.905601,22.683389
"1207","p34",14,136.8,66,"R",72.6,37.8,26,65.1,22.809,23.330394
"1208","p34",14,136.8,66,"R",72.6,37.8,27,66.1,28.118236,22.640378
"1209","p34",14,136.8,66,"R",72.6,37.8,28,67.7,32.727688,24.848228
"1210","p34",14,136.8,66,"R",72.6,37.8,29,66.6,22.129244,24.254744
"1211","p34",14,136.8,66,"R",72.6,37.8,30,66.1,36.399966,23.346994
"1212","p34",14,136.8,66,"R",72.6,37.8,31,66.5,22.562191,24.582281
"1213","p34",14,136.8,66,"R",72.6,37.8,32,68.4,43.401463,24.812989
"1214","p34",14,136.8,66,"R",72.6,37.8,33,69,23.685325,25.621552
"1215","p34",14,136.8,66,"R",72.6,37.8,34,71.9,44.726972,28.486307
"1216","p34",14,136.8,66,"R",72.6,37.8,35,71.5,40.777936,28.481514
"1217","p34",14,136.8,66,"R",72.6,37.8,36,72.6,38.817365,29.455746
"1218","p34",14,136.8,66,"R",72.6,37.8,37,72,38.990688,28.880478
"1219","p35",24,181.4,74,"L",80.2,35.9,1,35.9,12.886156,19.019393
"1220","p35",24,181.4,74,"L",80.2,35.9,2,43,18.269871,26.532912
"1221","p35",24,181.4,74,"L",80.2,35.9,3,47.6,23.17662,32.474301
"1222","p35",24,181.4,74,"L",80.2,35.9,4,50.6,24.146967,34.597249
"1223","p35",24,181.4,74,"L",80.2,35.9,5,52.8,26.253003,36.603627
"1224","p35",24,181.4,74,"L",80.2,35.9,6,54.4,26.394376,38.111388
"1225","p35",24,181.4,74,"L",80.2,35.9,7,57.5,28.840542,41.17267
"1226","p35",24,181.4,74,"L",80.2,35.9,8,59.4,31.731155,43.423479
"1227","p35",24,181.4,74,"L",80.2,35.9,9,60.1,33.679953,42.799361
"1228","p35",24,181.4,74,"L",80.2,35.9,10,59.4,33.206627,44.413121
"1229","p35",24,181.4,74,"L",80.2,35.9,11,60.4,32.852386,43.30034
"1230","p35",24,181.4,74,"L",80.2,35.9,12,61.4,35.785862,45.919487
"1231","p35",24,181.4,74,"L",80.2,35.9,13,63.4,36.630575,47.314388
"1232","p35",24,181.4,74,"L",80.2,35.9,14,62.9,36.152395,48.564253
"1233","p35",24,181.4,74,"L",80.2,35.9,15,61.9,38.021175,48.688215
"1234","p35",24,181.4,74,"L",80.2,35.9,16,65,38.835313,48.716176
"1235","p35",24,181.4,74,"L",80.2,35.9,17,64.7,41.186091,51.150696
"1236","p35",24,181.4,74,"L",80.2,35.9,18,64.4,53.621746,63.266225
"1237","p35",24,181.4,74,"L",80.2,35.9,19,66.7,41.759952,56.775212
"1238","p35",24,181.4,74,"L",80.2,35.9,20,66.4,40.373901,52.387284
"1239","p35",24,181.4,74,"L",80.2,35.9,21,68.1,43.696811,62.462109
"1240","p35",24,181.4,74,"L",80.2,35.9,22,65.9,40.119399,45.992525
"1241","p35",24,181.4,74,"L",80.2,35.9,23,67.2,40.656405,57.529754
"1242","p35",24,181.4,74,"L",80.2,35.9,24,68.8,42.493212,76.333046
"1243","p35",24,181.4,74,"L",80.2,35.9,25,70.5,47.17154,57.964481
"1244","p35",24,181.4,74,"L",80.2,35.9,26,71.6,54.832774,108.905289
"1245","p35",24,181.4,74,"L",80.2,35.9,27,70.4,44.575166,69.1189
"1246","p35",24,181.4,74,"L",80.2,35.9,28,74.1,50.386259,62.244671
"1247","p35",24,181.4,74,"L",80.2,35.9,29,73,52.625231,67.734896
"1248","p35",24,181.4,74,"L",80.2,35.9,30,74.1,51.440731,65.077931
"1249","p35",24,181.4,74,"L",80.2,35.9,31,74.8,53.533179,67.356278
"1250","p35",24,181.4,74,"L",80.2,35.9,32,74.5,52.340026,66.84677
"1251","p35",24,181.4,74,"L",80.2,35.9,33,75.1,53.798361,67.931543
"1252","p35",24,181.4,74,"L",80.2,35.9,34,77.2,55.554175,70.833632
"1253","p35",24,181.4,74,"L",80.2,35.9,35,75.4,53.200702,70.070652
"1254","p35",24,181.4,74,"L",80.2,35.9,36,79.1,59.364084,74.490723
"1255","p35",24,181.4,74,"L",80.2,35.9,37,72.8,50.22822,94.4636
"1256","p35",24,181.4,74,"L",80.2,35.9,38,73.4,54.075794,99.451021
"1257","p35",24,181.4,74,"L",80.2,35.9,39,77.4,53.514952,67.166332
"1258","p35",24,181.4,74,"L",80.2,35.9,40,76.9,55.400187,70.469558
"1259","p35",24,181.4,74,"L",80.2,35.9,41,79.7,61.396985,76.287019
"1260","p35",24,181.4,74,"L",80.2,35.9,42,80.2,63.914496,79.049956
